State,ssvf_award_total,Number of CoCs,Homeless Veterans,Sheltered Total Homeless Veterans,Unsheltered Homeless Veterans,Year,Veteran Population*,Total Expenditure,Compensation & Pension,Construction,Education & Vocational Rehabilitation/ Employment,Loan Guaranty#,General Operating Expenses,Insurance & Indemnities,Medical Care,Unique Patients **,Sheltered ES Homeless Veterans,Sheltered TH Homeless Veterans,Sheltered SH Homeless Veterans
Alaska,397879.0,2.0,210,188,22,2013,74670.67751244002,501604.2618486566,211259.883,616.1024199999999,61849.811,0.0,6686.46092,3440.63763,217751.36687865658,17304,0,0,0
Arizona,2477610.0,3.0,1222,901,321,2013,527399.53925347,3220904.7489936324,1409346.495,21201.368309999998,343819.709,0.0,108885.30599,36145.36682999991,1301506.5038636322,137362,0,0,0
Arkansas,495404.0,6.0,462,326,136,2013,250095.0453807206,1946614.5066218246,924670.594,7938.3338,79062.83799999999,0.0,31331.485479999996,13484.362349999992,890126.8929918247,86763,0,0,0
California,4760614.0,40.0,12895,4886,8009,2013,1795454.6913400802,12707535.799307633,5397860.030999999,145008.1874,1599760.4570000004,0.0,192392.35384,162955.51911466962,5209559.250952964,444432,0,0,0
Colorado,1989671.0,3.0,685,452,233,2013,390823.8420943599,2594676.6067693536,1212142.876,112613.65734,324347.44100000005,0.0,62854.32576000001,32483.449279999943,850234.8573893536,90822,0,0,0
Connecticut,384328.0,6.0,341,267,74,2013,207759.3372707,1078566.992297213,365637.836,8332.19842,96415.817,0.0,13794.212329999998,24195.049659999968,570191.8788872131,51360,0,0,0
Delaware,897316.875,1.0,89,86,3,2013,78015.97314887999,362616.9770497742,169963.428,858.74693,34330.953,0.0,3894.9881299999997,5594.955560000001,147973.90542977417,14676,0,0,0
District of Columbia,1265661.25,1.0,499,435,64,2013,31165.781907629997,2295598.6360677346,78699.103,153310.2544,31053.919,0.0,1825604.4134199994,2785.2861399999997,204145.6601077349,8800,0,0,0
Florida,2792335.0,28.0,5505,2328,3177,2013,1520562.8654411742,10430773.560782766,4728272.631999998,131869.99681,892554.6810000001,0.0,146087.91454,139644.53303999986,4392343.803392767,479193,0,0,0
Georgia,1987074.0,9.0,1805,900,905,2013,774464.0589053,4670708.934061153,2482164.4450000008,3359.1175000000003,453033.82899999985,0.0,109242.26916,48822.25074000012,1574087.0226611523,179821,0,0,0
Guam,675585.0911111111,1.0,32,2,30,2013,9054.91576394,66330.0433,46193.247,0.0,10629.358,0.0,0,495.06530000000004,9012.373,0,0,0,0
Hawaii,670999.0,2.0,558,234,324,2013,116946.72690498001,754679.9875089793,337918.69200000004,1689.7817400000001,142729.02500000002,0.0,16013.249380000001,13109.337280000014,243219.9021089792,23825,0,0,0
Idaho,300490.0,2.0,208,162,46,2013,138108.1439874,746018.4497370528,334504.2599999999,11690.00656,51512.797000000006,0.0,7806.66248,8005.532770000004,332499.19092705287,39928,0,0,0
Illinois,2990728.0,20.0,1267,882,385,2013,744710.24119303,3854716.9926631246,1450236.1400000004,18557.858100000005,311330.0980000002,0.0,51835.40107,65139.076407334134,1957618.4190857902,180384,0,0,0
Indiana,1030380.0,3.0,743,666,77,2013,490379.99686737,2477766.5832153643,1092854.711,8783.16879,150032.97400000002,0.0,48931.492470000005,27940.531219999983,1149223.7057353642,128499,0,0,0
Iowa,614713.0,3.0,229,220,9,2013,233814.68522863917,1192888.8325226153,505601.2859999998,79.34025,74079.321,0.0,10584.523200000001,18890.994809999997,583653.3672626155,72191,0,0,0
Kansas,660000.0,5.0,414,384,30,2013,223707.71159892244,1237984.9163599652,529023.1380000002,742.63708,103950.19000000002,0.0,27158.29662,17339.774195626847,559770.8804643381,58097,0,0,0
Kentucky,797938.0,3.0,607,510,97,2013,339334.10995575384,2229580.2061789106,1087772.109,7128.772670000001,139199.31699999995,0.0,37982.74437,18871.19711905159,938626.0660198588,101096,0,0,0
Louisiana,1449694.0,9.0,575,383,192,2013,315342.45832028927,2202388.1574463686,1016205.686,202777.29706,120767.15500000003,0.0,26501.359549999997,19941.418760000022,816195.2410763686,86890,0,0,0
Maine,824564.0,2.0,164,150,14,2013,127694.44375498,873125.3522239412,467397.84199999995,7.23102,42576.727,0.0,18276.99123,9459.00777000001,335407.5532039412,39358,0,0,0
Maryland,1224192.0,16.0,673,563,110,2013,443076.1450711901,2453556.933301163,1047226.1939999999,7521.009669999999,333942.667,0.0,24725.01677,42512.329359999974,997629.7165011626,82183,0,0,0
Massachusetts,2000000.0,18.0,1253,1204,49,2013,374808.79169369995,2371613.043936629,985893.6950000001,20551.66613,192974.791,0.0,32545.84278,41234.738840000035,1098412.310186629,84345,0,0,0
Michigan,2233641.0,21.0,1100,945,155,2013,660772.9279518824,3361960.7927072803,1675388.3779999996,6184.652259999999,208564.903,0.0,51290.83178000001,43961.4158099999,1376570.611857281,146804,0,0,0
Minnesota,1000000.0,10.0,349,286,63,2013,360754.30430232,2336964.7977304086,986609.0260000002,15599.664359999999,133628.67500000002,0.0,82026.61682,33370.193679999975,1085730.621870408,113577,0,0,0
Mississippi,645963.0,3.0,210,129,81,2013,225469.06437801998,1470949.5032475735,666715.3229999999,12229.677689999999,88010.24699999999,0.0,29312.526879999998,13393.9288515913,661287.7998259822,69676,0,0,0
Missouri,2251497.0,8.0,843,667,176,2013,497873.6705813101,3025844.6384647153,1386280.02,34423.01676,189472.78599999993,0.0,146125.82758,32795.78881982211,1236747.1993048931,137008,0,0,0
Montana,370000.0,1.0,309,118,191,2013,101596.57154516001,646509.2385259517,290869.231,8.44126,38236.901000000005,0.0,7764.8002,7071.764436376581,302558.1006295751,35189,0,0,0
Nebraska,146348.0,3.0,183,161,22,2013,138773.4040549,1023760.9385743774,487974.53399999987,9837.00727,63596.53200000001,0.0,36470.40891,12588.77707766042,413293.6793167172,47275,0,0,0
Nevada,2792782.0,3.0,790,477,313,2013,225933.29233094992,1573090.938247065,641968.5229999999,19640.92626,95562.05200000001,0.0,13504.850300000002,14515.738690000004,787898.8479970652,65443,0,0,0
New Hampshire,1000000.0,3.0,125,112,13,2013,110777.60155647999,613805.3814776142,268735.155,1282.4628300000002,50860.506,0.0,6142.430179999999,8472.886200000004,278311.94126761414,28604,0,0,0
New Jersey,2817500.0,17.0,540,420,120,2013,425093.79456313,1927021.120774703,906744.0559999999,6577.6887400000005,196112.88599999997,0.0,15867.921400000003,51994.318880000006,749724.2497547031,77179,0,0,0
New Mexico,2079729.0,2.0,243,183,60,2013,170698.9570318801,1312942.6208073047,686221.789,26570.872079999997,67315.43900000001,0.0,12585.969030000002,12750.02466000001,507498.52703730465,49981,0,0,0
New York,22576698.87111111,30.0,4659,4201,458,2013,885796.2005292401,5621910.599719819,2063565.6000000003,17521.21014,493102.1739999999,0.0,120557.68295999998,94116.01891000022,2833047.913709819,231161,0,0,0
North Carolina,7335103.794444445,12.0,1123,934,189,2013,769384.0375512681,5067823.420569995,2712319.308,21237.99106,399186.381,0.0,91537.97796999999,53714.34372999975,1789827.418809995,205006,0,0,0
North Dakota,945186.0,1.0,241,60,181,2013,56213.04348645998,334755.00014589285,149595.59200000003,2623.10877,22769.528000000002,0.0,6478.66129,3770.4342025191263,149517.6758833737,18526,0,0,0
Ohio,1822827.0,9.0,1212,1050,162,2013,877894.3888576896,6643911.356881202,1837566.6989999993,34987.45756,296446.31700000004,0.0,2202389.1733699995,59095.98394000018,2213425.7260112027,223944,0,0,0
Oklahoma,996025.0,8.0,437,338,99,2013,340394.8520495217,2568389.5511292084,1544376.185,5319.53996,131029.63100000001,0.0,121588.1588,19958.158320000024,746117.8780492082,90731,0,0,0
Oregon,1875656.0,7.0,1494,709,785,2013,322355.13966701005,2283128.552251787,1100286.566,36701.906930000005,128168.78900000002,0.0,35298.18709,23227.942270000003,959445.1609617869,96190,0,0,0
Pennsylvania,512000.0,18.0,1462,1290,172,2013,953644.1253116198,4782351.480195636,2029588.7580000001,49407.44014,359064.89599999995,0.0,158258.16125,82385.53723000032,2103646.687575635,232054,0,0,0
Puerto Rico,309846.8888888889,2.0,82,40,42,2013,99928.18189044001,1387776.912441806,697878.794,7755.859960000001,46540.729,0.0,19912.33564,2495.7581262501867,613193.4357155558,58009,0,0,0
Rhode Island,1178835.0,1.0,97,95,2,2013,69206.02446047,474338.4556535299,193988.003,2867.48462,35524.527,0.0,19475.531450000002,5928.155489999997,216554.7540935299,20132,0,0,0
South Carolina,3716643.222222222,4.0,636,345,291,2013,420968.2160099299,2876324.265266717,1557784.2660000003,2556.6960400000003,223347.772,0.0,63246.23094,28310.44408999997,1001078.8561967165,123070,0,0,0
South Dakota,784465.0,1.0,125,106,19,2013,75686.75464986003,564489.3721849145,209347.403,1976.1211899999998,30364.316000000003,0.0,10391.54969,5461.222652964063,306948.75965195056,29744,0,0,0
Tennessee,3429107.222222222,10.0,991,728,263,2013,521266.61772451986,3320710.327027848,1652616.1519999995,6442.867119999999,236754.39000000007,0.0,63013.90282,33643.67615999997,1328239.3389278485,135582,0,0,0
Texas,498043.0,12.0,3878,2007,1871,2013,1667740.1865263896,12943392.602170967,6091910.090999995,30026.01108,1118113.9879999994,1385063.0051300002,220626.25539,110749.76348002373,3986903.488090948,434255,0,0,0
Utah,166620.0,3.0,327,290,37,2013,150771.02705788997,887516.4345966239,350923.49,6163.32254,85973.515,0.0,53144.80637,10032.734069999986,381278.56661662384,34062,0,0,0
Vermont,952071.0,2.0,128,111,17,2013,48812.13909731,273966.31014925067,118285.56300000001,1104.86227,20295.849,0.0,3991.57809,3339.668620000006,126948.7891692507,14925,0,0,0
Virginia,1069251.0,16.0,719,625,94,2013,840397.8580864833,4653544.74460474,2291199.6330000004,22760.6384,874229.1990000001,0.0,61129.14876000001,60779.28082999989,1343446.8446147398,142605,0,0,0
Washington,698963.0,7.0,1318,1058,260,2013,602271.66199831,3384110.454420808,1788537.4849999996,55674.47462000001,343793.104,0.0,67749.41776,41915.474030000005,1086440.4990108076,118461,0,0,0
West Virginia,2591101.4420000003,4.0,329,292,37,2013,173388.53164424075,1601256.0126271094,625689.459,6525.01876,44341.30000000002,0.0,261559.60549,9870.730659999992,653269.8987171093,58733,0,0,0
Wisconsin,3250127.5,4.0,552,528,24,2013,409419.3834759401,2421848.774961901,972510.872,12223.81568,133678.98100000003,0.0,69991.45552000002,34398.25063999998,1199045.4001219005,118371,0,0,0
Wyoming,1366620.0,1.0,137,110,27,2013,56517.730672950005,343611.0292084548,127556.50600000002,7264.3489899999995,15750.947999999999,0.0,1455.6076699999999,3130.92609,188452.6924584548,18583,0,0,0
Alaska,753636.0,2.0,178,160,18,2014,73397.08808537529,552279.9707853396,244436.55099999998,165.29978,74731.12800000001,0.0,6154.36383,3854.5601400000014,222938.0680353396,18182,119,41,0
Arizona,8197012.0,3.0,858,635,223,2014,532205.8443787772,3607036.455534007,1666170.04,15452.16593,410041.2940000001,0.0,107135.14046,33149.451167999985,1375088.3639760073,143785,244,386,5
Arkansas,1313717.0,6.0,361,220,141,2014,249274.18833236716,2143833.8408022868,1055812.7190000003,7143.02961,95186.27700000002,0.0,29630.67377,15815.518487999994,940245.6229342862,86718,117,103,0
California,38624387.0,40.0,12096,4457,7639,2014,1851469.9948234784,14318281.233434774,6376052.132999999,153524.8631,1848364.494,0.0,197939.59945,157548.67795200003,5584851.4659327725,460954,1599,2852,6
Colorado,3887306.625,3.0,753,528,225,2014,413271.3787474236,3073039.024880728,1447415.8410000005,221644.41784000004,379047.24700000003,0.0,61078.74656000001,32291.01485999998,931561.7576207276,95382,337,191,0
Connecticut,3262739.0,6.0,295,221,74,2014,213419.98756167502,1171098.7080050812,432271.273,402.67939,106708.75899999999,0.0,14238.19323,24165.932063999997,593311.8713210812,51073,73,148,0
Delaware,857393.0,1.0,93,89,4,2014,78099.1375392,398842.1214027988,199731.97499999998,693.06959,38125.990999999995,0.0,3791.6683000000003,5711.313516,150788.1039967988,15000,39,50,0
District of Columbia,1006999.0,1.0,406,375,31,2014,29825.061112990003,2703410.182073975,90386.511,257897.03611,35085.505,0.0,2091541.22001,3093.7805160000003,225406.12943797512,8598,276,99,0
Florida,20537614.0,28.0,4552,2424,2128,2014,1583696.931777147,11688201.223348211,5618726.0079999985,80833.07901,1043675.3620000001,0.0,149941.58579,132732.30001200002,4662292.888536212,493890,924,1466,34
Georgia,5662288.0,9.0,1443,647,796,2014,752882.3150736667,5398211.139072629,3004840.424,1056.21957,528777.0290000002,0.0,106880.52051999999,48835.96965600003,1707820.9763266284,189127,271,376,0
Guam,675585.0911111111,1.0,36,6,30,2014,9452.596300168601,88631.2484187813,51980.674,0.0,15388.667,0.0,0,831.526764,20430.380654781304,2584,2,4,0
Hawaii,2125224.0,2.0,593,247,346,2014,121006.6867538056,842115.4610993478,388532.222,572.63971,167447.20600000003,0.0,16592.61869,14822.239403999996,254148.53529534768,25041,60,182,5
Idaho,490142.0,2.0,215,135,80,2014,132395.0227991529,827989.5306900527,401210.80499999993,994.8370700000003,58612.38200000001,0.0,8179.98217,7587.176016000006,351404.3484340528,41266,30,105,0
Illinois,8939279.0,20.0,1234,913,321,2014,721574.9332807319,4248086.217079824,1680631.966000001,17019.43088,349069.37200000015,0.0,49986.18198999999,62952.928284,2088426.337925823,182101,317,593,3
Indiana,4526737.0,3.0,725,687,38,2014,476282.68424391415,2667904.9875878124,1239687.6709999999,1548.91697,165293.02699999997,0.0,50029.46207,24944.173739999995,1186401.7368078125,129308,252,435,0
Iowa,1922584.0,3.0,202,177,25,2014,231654.80692745076,1339350.176981305,592671.4390000002,378.92123000000004,78530.03899999996,0.0,11155.77604,18393.217787999987,638220.7839233048,72367,105,72,0
Kansas,1116861.0,5.0,393,356,37,2014,221205.81784671883,1358490.8874716072,632709.3400000001,269.66066,113361.594,0.0,25295.1002,16882.869852000007,569972.322759607,58490,104,252,0
Kentucky,2831267.0,3.0,600,558,42,2014,330599.12215540744,2425357.9226308945,1255748.134,10244.833489999999,155455.063,0.0,40024.24549,18857.78584799999,945027.8608028939,101840,255,303,0
Louisiana,5894269.0,9.0,437,332,105,2014,330144.97628509765,2540465.522435869,1211754.0950000002,260203.80271000002,146467.877,0.0,26158.437830000003,20187.183468000007,875694.1264278691,88621,106,223,3
Maine,1656015.0,2.0,152,138,14,2014,127234.18339337333,959396.3235847844,541753.9970000001,125.6473,45923.856,0.0,18616.08462,8732.517575999998,344244.2210887844,39859,82,56,0
Maryland,5185543.0,16.0,654,555,99,2014,437762.3053390767,2688110.662781502,1228853.9980000001,5298.65628,364341.76599999995,0.0,23588.97199,38630.35526399999,1027396.9152475019,82383,246,307,2
Massachusetts,7065517.0,18.0,1264,1234,30,2014,379772.06566592125,2593152.302616003,1159009.484,5711.88662,209260.86500000002,0.0,29524.162239999998,43491.346631999986,1146154.558124003,83926,311,901,22
Michigan,8830141.0,21.0,1122,994,128,2014,658469.4170912238,3753562.591925713,1983450.7419999994,17517.09866,232513.54400000002,0.0,52983.46177,46115.74067999996,1420982.0048157135,150215,372,609,13
Minnesota,1614850.0,10.0,317,263,54,2014,369148.7771733957,2564645.958545097,1146384.3720000002,16225.232890000001,151587.14700000006,0.0,83321.75416,30814.698707999978,1136312.7537870966,115827,137,126,0
Mississippi,3862668.0,3.0,279,221,58,2014,220388.66833940873,1657041.8942392177,776678.64,36478.12458,100466.58300000001,0.0,30094.45052,14544.217512,698779.8786272178,69754,64,157,0
Missouri,3697246.0,8.0,652,563,89,2014,494346.16591686924,3440223.047177146,1651755.2000000004,79827.88282999999,209426.14800000004,0.0,154454.81028999996,32728.038839999972,1312030.9672171462,139929,259,297,7
Montana,707000.0,1.0,256,94,162,2014,99646.23784692113,731755.4271711042,335093.07200000004,250.45382999999998,42165.91800000001,0.0,8087.66422,7950.268415999998,338208.0507051042,35966,50,44,0
Nebraska,525538.0,3.0,241,224,17,2014,143375.08190098795,1136145.9094279378,557740.503,9146.60864,70253.853,0.0,36826.54247,13011.563376,449166.8389419377,47352,89,135,0
Nevada,4521771.0,3.0,1036,546,490,2014,228027.40022139036,1780650.7013737396,776442.583,50831.260180000005,108907.64199999999,0.0,12870.00171,13405.879679999996,818193.3348037398,69464,190,355,1
New Hampshire,1270337.0,3.0,171,162,9,2014,113660.333168137,674052.2660719638,311022.39400000003,3743.91589,58392.255000000005,0.0,5999.784330000001,8978.741892000002,285915.17495996377,28969,65,96,1
New Jersey,11678705.0,17.0,630,554,76,2014,428395.72117787134,2115577.7313856855,1047058.0789999999,555.2908500000001,214107.553,0.0,18716.38925,51044.73278400001,784095.6865016853,77128,265,286,3
New Mexico,1979092.0,2.0,318,258,60,2014,171528.26872206002,1450001.7252371837,794229.3859999998,11766.8978,79524.27999999998,0.0,12853.83413,11087.489207999999,540539.838099184,51702,149,109,0
New York,24165223.0,29.0,2542,2085,457,2014,892221.2428559066,6123810.299643138,2396837.2660000003,30504.09224,548239.6730000002,0.0,124442.38127000004,92820.60215999995,2930966.284973138,230159,754,1273,58
North Carolina,5994939.0,12.0,1164,982,182,2014,775020.2503049674,5949872.754603125,3328183.4050000007,8404.88773,478939.07099999994,0.0,93726.47584999999,53403.36201600002,1987215.5530071242,214278,458,524,0
North Dakota,884777.0,1.0,151,117,34,2014,57395.12696870261,367003.28641834087,171164.72599999994,3969.5322,25528.136000000002,0.0,6507.541330000001,4155.866339999998,155677.48454834096,18988,63,54,0
Ohio,8506323.0,9.0,1236,1102,134,2014,866480.5173918114,7504280.563865891,2235023.1149999993,21381.764650000005,324968.532,0.0,2549868.2442400004,56927.64730799999,2316111.260667891,230266,547,554,1
Oklahoma,4723414.0,8.0,408,273,135,2014,337571.2768601079,2934748.314138278,1823983.4109999996,4905.35821,155650.069,0.0,121168.67777,20466.879659999988,808573.9184982781,92674,182,77,14
Oregon,3308214.0,7.0,1292,702,590,2014,331632.41995578876,2542834.018875663,1282449.363,19124.15853,142348.40000000002,0.0,35596.69706,23412.721524000008,1039902.6787616635,99502,353,349,0
Pennsylvania,13629944.0,18.0,1411,1336,75,2014,939069.139161769,5260391.1720669,2432807.228999999,19992.470390000002,376416.83699999994,0.0,158370.60587,79167.36574800005,2193636.6640589014,233551,503,762,71
Puerto Rico,299360.0,2.0,87,45,42,2014,93240.15825673,1563236.6022975827,816543.7840000003,17829.9845,65063.60299999999,0.0,22156.587310000003,2832.2720039999995,638810.3714835824,57248,7,36,2
Rhode Island,1178835.0,1.0,108,108,0,2014,71966.270413977,529502.8892089541,232603.522,3355.07179,40497.85999999999,0.0,21115.04897,6221.091575999998,225710.2948729541,19954,30,77,1
South Carolina,2000000.0,4.0,703,399,304,2014,417553.50973317603,3289095.292838176,1868959.1360000004,10942.113399999998,267184.723,0.0,65216.400069999996,31414.724663999994,1045378.1957041754,127365,138,261,0
South Dakota,761436.0,1.0,132,128,4,2014,72030.26168661391,619863.7327892449,238175.22499999998,3531.17303,31787.083,0.0,11592.983499999998,6102.603876000002,328674.66438324493,29827,34,94,0
Tennessee,4439682.0,10.0,1142,920,222,2014,506339.9579800235,3758887.7091372246,1995305.412,6028.30605,269071.395,0.0,63216.58491,32085.404508000014,1393180.6066692246,140625,523,397,0
Texas,15521584.0,12.0,2718,1576,1142,2014,1680417.9317133068,15394004.64254184,7282259.671999995,28797.885290000006,1357829.518000001,2046206.49982,223666.90621,110140.67578800008,4345103.485433846,446303,821,748,7
Utah,340240.0,3.0,317,293,24,2014,151718.51805537342,1029343.7991110119,433072.702,2155.8481,120457.01999999999,0.0,56947.44299,11521.485443999996,405189.30057701195,35142,93,200,0
Vermont,952071.0,2.0,120,111,9,2014,48601.62264388219,295362.0468197239,135802.974,1559.90651,20321.380999999998,0.0,3796.07991,3154.8728280000005,130726.83257172395,14919,34,77,0
Virginia,3739016.0,16.0,620,535,85,2014,781387.9282551659,5251707.267968016,2729280.1829999993,21218.11505,931879.984,0.0,63299.83924,62359.89709200004,1443669.2495860162,148585,315,210,10
Washington,6147473.0,7.0,1433,1089,344,2014,603622.6172035725,3811479.023840257,2070141.473,33346.2667,392246.64599999995,0.0,71073.52737999998,41738.638488000004,1202932.472272258,124006,570,517,2
West Virginia,2806974.0,4.0,333,303,30,2014,167355.10890219512,1826167.1724388534,722957.615,9927.100150000002,49784.371,0.0,318791.1512,8505.371016000001,716201.5640728534,59261,213,90,0
Wisconsin,3144073.0,4.0,520,496,24,2014,413722.689557693,2665107.1212865366,1142091.3610000003,11983.95495,143543.764,0.0,70815.80403999999,33241.753008000014,1263430.4842885365,120515,162,331,3
Wyoming,1366620.0,1.0,116,95,21,2014,49707.7402776105,383891.4460561038,152461.06499999994,4143.658950000001,17543.565000000002,0.0,1623.04345,2710.1607000000004,205409.95295610387,18730,38,57,0
Alaska,864241.0,2.0,180,149,31,2015,73275.7988364943,584862.5013478396,247523.91600000003,39.664410000000004,72262.043,0.0,8107.09763,2642.225,254287.55530783936,19256,106,43,0
Arizona,8838814.0,3.0,1220,672,548,2015,528486.2697853011,3757595.9396947157,1652046.9440000001,19007.027589999998,407881.614,0.0,79842.68084999999,37466.16,1561351.5132547156,147953,227,442,3
Arkansas,623540.0,7.0,456,385,71,2015,247887.62111676985,2174053.018392337,1037492.3490000002,17025.610350000003,88985.63399999999,0.0,30086.21627,14966.265000000001,985496.9437723362,86908,246,139,0
California,9404210.0,43.0,11311,4309,7002,2015,1802445.5373385728,14938931.479777608,6552099.9229999995,158970.28888,1786145.848,0.0,195903.52697,168464.78399999999,6077347.1089276085,467539,1940,2337,32
Colorado,1605833.0,3.0,950,644,306,2015,409469.02213712095,3482532.829982141,1490936.298000001,438517.64018999995,391310.5890000001,0.0,60067.628560000005,36676.62800000001,1065024.0462321413,100614,376,266,2
Connecticut,3840099.0,3.0,282,241,41,2015,206548.629361803,1249123.958762762,435226.12,160.10675,107651.49799999999,0.0,15454.9713,22613.181000000004,668018.0817127618,50584,80,161,0
Delaware,922874.0,1.0,79,74,5,2015,77354.04016469,422277.67466087267,204297.309,2645.93623,36679.63,0.0,3328.19038,4472.494000000001,170854.11505087267,15657,44,30,0
District of Columbia,305646.0,1.0,408,366,42,2015,29470.46937829,2960157.040220289,88498.113,163142.67103,29182.206,0.0,2436002.31007,3506.513,239825.22712028926,8580,247,119,0
Florida,29142405.0,27.0,3926,2372,1554,2015,1558441.3039579995,12276149.3121848,5626994.550999997,125364.65073000001,1021330.715,0.0,152603.18005,135626.99800000002,5214229.2174048005,503251,834,1510,28
Georgia,7548778.0,9.0,1548,866,682,2015,752499.45692082,5705037.195368267,3112295.384,9538.35113,508281.6490000001,0.0,106659.14850999998,53166.67700000001,1915095.9857282678,197458,274,592,0
Guam,616484.0,1.0,23,1,22,2015,9493.4839339325,89961.123,53086.885,0.0,16101.432,0.0,0,426.825,20345.981,2934,0,1,0
Hawaii,2751188.0,2.0,692,275,417,2015,120482.3912229219,888037.4498956485,394010.299,3346.92403,183257.119,0.0,16891.13122,13611.195,276920.7816456487,26450,88,185,2
Idaho,512715.0,2.0,249,174,75,2015,132334.4716497519,893404.0461931267,405841.43199999986,12261.731740000001,56724.26900000001,0.0,9580.41611,8767.412000000002,400228.7853431266,42592,52,122,0
Illinois,10514731.0,20.0,1226,769,457,2015,705581.5947599346,4395048.041930834,1687259.8330000006,13424.38017,329365.49099999975,0.0,49120.045360000004,61783.825999999994,2254094.4664008366,181710,259,506,4
Indiana,5387631.0,3.0,790,726,64,2015,469209.83374752593,2787065.950768698,1233530.4409999996,5404.6054300000005,151371.90000000002,0.0,53740.895209999995,25497.444000000003,1317520.665128699,130705,183,515,28
Iowa,2592717.0,3.0,207,175,32,2015,227990.85717930557,1397550.694173056,581555.963,248.21703000000002,74950.003,0.0,11567.85735,19432.696,709795.9577930553,72039,80,95,0
Kansas,1440513.0,5.0,311,276,35,2015,218415.71509484077,1415559.0492685733,631884.8429999999,738.1131700000001,110338.21800000002,0.0,23747.04052,16835.679,632015.1555785735,58852,98,178,0
Kentucky,1695237.0,3.0,591,541,50,2015,328408.26392878464,2501382.761702615,1231438.1980000003,15543.5372,141334.91899999997,0.0,43806.97025,17999.585999999996,1051259.551252613,101799,259,282,0
Louisiana,6320414.0,9.0,392,350,42,2015,326229.0572706834,2658351.002299291,1211259.6660000002,288759.11101,146459.51900000003,0.0,28577.23319,20551.658999999996,962743.8140992906,89654,76,253,21
Maine,1651846.0,2.0,151,142,9,2015,125077.8698124915,982591.1642385895,519582.52,101.4267,42841.07400000001,0.0,19660.46002,10280.761,390124.9225185895,40174,86,56,0
Maryland,5350971.0,16.0,714,586,128,2015,430446.0517480799,2866922.880781049,1279895.44,10172.65817,350881.823,0.0,24263.516760000002,35023.05300000001,1166686.3898510486,84729,235,345,6
Massachusetts,9075195.0,16.0,1133,1101,32,2015,367530.9732340977,2693536.4845090085,1141559.686,5359.61654,211092.497,0.0,27522.366820000003,39885.667,1268116.651149009,84625,367,718,16
Michigan,2866821.0,21.0,1067,991,76,2015,640864.8332773009,3856571.928425848,1959409.9430000007,10804.533089999999,215843.52500000005,0.0,54702.36710999999,46716.525,1569095.035225848,152881,373,588,30
Minnesota,2696913.5,10.0,297,253,44,2015,361128.96947275475,2637123.5734547866,1123595.194,10725.75917,146596.92500000002,0.0,86488.02958999999,35199.50399999999,1234518.1616947877,117414,130,123,0
Mississippi,2640697.782,3.0,206,87,119,2015,218979.70270147553,1739068.037528996,791716.1940000004,34603.0321,96930.08299999998,0.0,29818.649830000002,12940.775999999994,773059.3025989938,69923,33,54,0
Missouri,1050707.0,8.0,540,430,110,2015,488219.52241542493,3556661.0035949657,1627459.6489999986,70190.23862,199876.7950000001,0.0,154122.80226,34210.516,1470801.002714965,140618,193,221,16
Montana,1170124.0,1.0,277,98,179,2015,99033.91906021703,780684.9917187445,324328.843,5971.6730099999995,40827.801,0.0,8800.91886,7001.526999999998,393754.22884874453,36365,52,46,0
Nebraska,523933.0,3.0,247,231,16,2015,141213.3140993015,1171266.3968266323,546459.1829999998,11448.42805,65077.95800000001,0.0,37409.97166999999,11703.054000000006,499167.8021066322,47822,95,136,0
Nevada,6146247.0,3.0,860,516,344,2015,225072.7316162751,1885150.9247617333,818843.69,27881.75284,107052.547,0.0,14560.906719999999,12546.988,904265.0402017331,71894,139,377,0
New Hampshire,1405878.0,3.0,138,124,14,2015,111389.36736719612,702720.0325569843,313725.0410000001,554.8536700000001,59060.33500000001,0.0,6587.33858,9098.215,313694.24930698436,29595,38,85,1
New Jersey,9242996.0,16.0,696,616,80,2015,413187.733741918,2157161.8858013195,1036505.9669999998,5046.55806,207473.935,0.0,18670.136599999998,49038.814999999995,840426.4741413194,77318,284,330,2
New Mexico,2079729.0,2.0,278,214,64,2015,170132.18308507258,1499349.6049887072,782081.0319999999,11496.814649999998,76754.694,0.0,13726.93753,12854.471999999996,602435.6548087072,52842,133,81,0
New York,22576698.87111111,27.0,2399,2268,131,2015,862804.9112891706,6284863.142552117,2377226.8679999993,36121.232760000006,567638.9269999998,0.0,107919.16029000001,94697.891,3101259.0635021143,227633,884,1321,63
North Carolina,7335103.794444445,12.0,1092,904,188,2015,773884.0240707524,6380720.070623307,3436153.911,12444.958299999998,474298.50100000005,0.0,95035.54724000001,58335.66599999999,2304451.4870833093,221522,464,440,0
North Dakota,945186.0,1.0,137,90,47,2015,57086.45335908419,386285.3625274657,167895.224,5151.063450000001,24961.784000000007,0.0,6291.47492,3862.843999999999,178122.97215746553,19361,52,38,0
Ohio,5134095.0,9.0,1183,1073,110,2015,848123.901167583,7699528.577471923,2192678.5670000007,24745.12636,307467.78200000006,0.0,2608850.93246,59109.51999999998,2506676.649651922,231996,505,557,11
Oklahoma,5169355.0,8.0,351,253,98,2015,335905.01131615863,3003074.0044840225,1812030.9190000002,10508.916589999999,153716.19900000005,0.0,123447.01067999999,20901.186000000005,882469.7732140237,95358,168,80,5
Oregon,5155412.0,7.0,1464,769,695,2015,326337.8385246503,2627978.87790246,1281055.3059999999,13213.24165,145921.40799999997,0.0,36758.19617,26338.747000000003,1124691.9790824598,100961,286,483,0
Pennsylvania,5786109.0,16.0,1375,1295,80,2015,916638.1720842089,5432717.647615059,2402975.4560000002,33688.33114,359206.36699999997,0.0,159980.79181,78070.66100000001,2398796.0406650607,234347,477,757,61
Puerto Rico,309846.8888888889,2.0,164,55,109,2015,90394.73624585,1602762.3766284217,784776.541,22876.07127,64137.321000000025,0.0,21447.57626,5223.580000000002,704301.2870984217,56100,13,41,1
Rhode Island,1178835.0,1.0,107,105,2,2015,69861.897904337,545538.1489301675,223371.36800000002,2427.44468,39554.798,0.0,25054.67519,6256.601,248873.26206016753,19707,35,70,0
South Carolina,3716643.222222222,4.0,681,470,211,2015,417514.75185824535,3484527.1041186857,1909397.532,8411.388149999999,267690.126,0.0,68553.75606,30328.416000000005,1200145.8859086859,132146,126,344,0
South Dakota,784465.0,1.0,177,170,7,2015,71735.74769047782,666733.13925267,236223.93699999998,15050.06266,30536.092000000004,0.0,11253.83782,4497.107999999999,369172.10177267005,30167,85,85,0
Tennessee,3429107.222222222,10.0,945,756,189,2015,503675.33432928246,3977481.0981889204,2046341.5670000003,10755.32,265298.756,0.0,64844.46794999999,33728.80499999999,1556512.1822389204,143137,335,419,2
Texas,18203392.0,11.0,2393,1490,903,2015,1675262.005496083,14812595.241924025,7447453.596000001,36772.33787999999,1376590.072,865419.0143800001,222872.4397,119106.07800000005,4744381.703964026,463875,785,686,19
Utah,840824.0,3.0,337,313,24,2015,150903.7709029351,1118885.0612283186,440335.3230000001,3463.1582399999998,127275.64599999998,0.0,59881.275219999996,12168.893000000004,475760.7657683183,36004,128,183,2
Vermont,952071.0,2.0,119,113,6,2015,47664.0130149426,324117.986168643,134177.053,8801.09209,19992.1,0.0,4085.37162,3494.021,153568.34845864295,14920,42,71,0
Virginia,4156251.0,16.0,604,513,91,2015,783108.4579510917,5424411.226861614,2775626.7630000007,15689.21237,890627.014,0.0,64952.328140000005,54280.16099999997,1623235.7483516142,152800,370,131,12
Washington,9282369.0,7.0,1293,886,407,2015,598459.9056203268,4004525.5738284774,2140766.199,50483.53128,398814.139,0.0,71630.66319,41277.82599999999,1301553.2153584782,128240,482,400,4
West Virginia,3038255.0,4.0,305,227,78,2015,165709.0544900885,1896030.8837448861,705354.935,4092.4318200000002,46197.87499999997,0.0,369208.93711999996,9374.162999999999,761802.5418048869,58450,163,64,0
Wisconsin,1026603.0,4.0,534,515,19,2015,405728.9659441298,2756149.8733761813,1118396.042,18677.513509999997,134092.42500000002,0.0,72836.53138,35051.255,1377096.1064861815,121747,175,340,0
Wyoming,1366620.0,1.0,112,83,29,2015,49837.785675721505,426957.1895988703,156163.12099999998,6034.41936,17174.056,0.0,1792.6655099999998,3027.8319999999994,242765.0957288704,19092,33,50,0
Alaska,768011.0,2.0,168,112,56,2016,68436.26373025001,639118.7512000003,280603.31299999997,498.07160000000005,76517.96,0.0,26627.274129999998,2347.2850000000003,252524.84746999998,20037,72,40,0
Arizona,8245835.470000001,3.0,1036,663,373,2016,515050.15035243996,3919748.5891499994,1833525.234,26069.1397,386087.4379999999,0.0,69949.69845000001,36076.078,1568041.0010000002,151910,268,392,3
Arkansas,1331372.0,7.0,222,159,63,2016,225117.59133219626,2215940.4417232084,1129084.1320000004,13395.87056,89670.25300000003,0.0,28243.805260000005,14433.286999999998,941113.0939032088,86483,67,92,0
California,35705821.25,43.0,9612,4012,5600,2016,1735212.597041956,15568594.922239998,7252271.470999997,171912.75477,1861299.7930000005,0.0,196187.34287,153142.88000000003,5933780.680600001,466638,1242,2740,30
Colorado,3887306.625,3.0,1181,906,275,2016,407616.0331011095,3638790.2440400003,1683271.4474999998,418850.1273900001,403465.24499999976,0.0,59848.939130000006,34534.848000000005,1038819.6370199999,104971,331,573,2
Connecticut,3327994.0,2.0,216,173,43,2016,191607.09647777397,1248954.84871,469392.847,5072.55882,117404.807,0.0,14973.21489,23099.461,619011.9600000001,50589,45,128,0
Delaware,874540.0,1.0,107,103,4,2016,72831.067739976,441478.21754000004,231633.713,3182.74843,37030.1,0.0,3083.1281099999997,5486.858,161061.67,16086,55,48,0
District of Columbia,1265661.25,1.0,350,322,28,2016,28412.82119957,2663846.6933200005,96501.814,205323.38915,33913.299,0.0,2094787.2261700002,2063.865,231257.1,8595,148,174,0
Florida,20904380.0,27.0,2902,1825,1077,2016,1559777.692368377,12738121.41782,6288592.791500003,92251.22118000001,1034447.6159999999,0.0,144211.71944000002,125545.53899999998,5053072.530699999,508768,702,1096,27
Georgia,6702055.16,9.0,1055,581,474,2016,699322.0868432283,6116766.6120200055,3528819.377000002,2088.87438,515335.6290000001,0.0,105890.17364000002,51535.369000000006,1913097.1890000005,205223,249,332,0
Guam,700000.0,1.0,21,6,15,2016,9932.6764584009,107210.06349999999,59862.0925,0.0,16957.942,0.0,0,964.359,29425.67,3084,5,1,0
Hawaii,2118174.0,2.0,670,264,406,2016,112944.38716609273,986114.172062,438960.79000000004,11580.031120000001,206427.759,0.0,16168.15031,12160.977,300816.464632,27537,102,158,4
Idaho,493795.0,2.0,267,202,65,2016,123139.6263233361,914442.2033900002,457871.0665,2730.88369,54238.52900000001,0.0,10165.4038,10741.618,378694.7024,44122,70,132,0
Illinois,8850864.61,20.0,949,713,236,2016,646939.2594223933,4438732.114199998,1847960.3895000003,7747.527700000001,340595.13200000016,0.0,45318.1271,60739.50100000002,2136371.4368999987,180538,272,418,23
Indiana,4538832.88,3.0,663,614,49,2016,418579.28478249634,2874119.5132000004,1347665.2684999995,5621.221990000001,155405.07900000003,0.0,55987.87971,23982.209999999992,1285457.854,131227,189,402,23
Iowa,2324029.0,3.0,170,154,16,2016,211548.98020168804,1381697.3446900004,628838.045,154.66360999999998,75331.25900000003,0.0,11273.83708,17735.903000000002,648363.6369999999,71449,62,92,0
Kentucky,1026748.0,3.0,512,452,60,2016,298859.56287528574,2598566.8798499983,1339620.3769999999,19407.06338,144218.801,0.0,42560.50586999999,18382.45099999999,1034377.6816,102491,159,293,0
Louisiana,5651458.28,9.0,400,363,37,2016,287373.1981792613,2590019.9089599997,1325975.3845000002,140422.79304,150363.98900000006,0.0,26253.652019999998,19718.725000000006,927285.3653999998,90774,113,225,25
Maine,1683966.0,2.0,146,125,21,2016,116782.33171074779,1019908.0965100002,569940.188,0.0,46537.049,0.0,18482.165510000003,9995.706999999999,374952.987,41276,63,62,0
Maryland,5247673.56,16.0,555,436,119,2016,399035.6221278111,2947069.6737999995,1412897.1515,9765.015519999999,373669.0679999999,0.0,23448.220780000003,31635.955999999987,1095654.2619999999,85030,157,276,3
Massachusetts,5368326.01,16.0,949,915,34,2016,336257.08392989344,2739920.31537,1236294.2774999999,11445.92857,223612.78000000003,0.0,27121.443900000006,40695.568,1200750.3174,85575,191,708,16
Michigan,8185590.08,21.0,822,758,64,2016,608270.5068951026,4004299.5495799994,2148061.3619999997,18031.9945,225016.58799999993,0.0,52800.48087999999,45514.784999999996,1514874.3392,155718,253,474,31
Minnesota,1647147.0,10.0,279,248,31,2016,337362.3642155867,2677849.1692099995,1225675.3179999997,12563.66363,138626.209,0.0,86127.77728000001,34595.56700000002,1180260.6342999996,118886,135,113,0
Mississippi,3822603.82,3.0,144,58,86,2016,193589.22323334377,1750776.2688000002,882754.5774999994,8320.121459999998,94794.82299999997,0.0,28272.05784,11985.188999999998,724649.5,68847,25,33,0
Missouri,3606140.0,8.0,575,494,81,2016,450683.51978643495,3625705.08944,1773037.8285,69195.02050000001,199816.33400000006,0.0,139055.19254,31742.762,1412857.9519,141910,196,281,17
Montana,721140.0,1.0,165,92,73,2016,92377.4789806935,779107.7074199996,353054.38249999995,1935.42206,41501.925,0.0,8505.01626,6021.023999999999,368089.9375999999,36637,47,45,0
Nebraska,531762.0,3.0,219,211,8,2016,133002.9367455074,1157482.637235,594498.4374999998,15331.52086,65805.00000000001,0.0,37189.16883,11203.585999999994,433454.9240450001,47842,95,116,0
Nevada,4604884.76,3.0,851,437,414,2016,221995.76689571803,1979112.7644100003,944686.951,14059.08089,111875.45700000001,0.0,14796.13732,13114.216999999997,880580.9211999999,74019,110,327,0
New Hampshire,1275573.45,3.0,123,119,4,2016,108118.63473699601,732415.0750199999,344687.68899999995,334.40145,59741.539000000004,0.0,6667.2385699999995,8300.556999999999,312683.65,30528,28,90,1
New Jersey,6764167.0,15.0,556,485,71,2016,371518.394082336,2240502.32105,1126819.7585,5876.56865,232159.42299999998,0.0,20108.548899999998,45143.036000000015,810394.9860000001,77244,166,316,3
New Mexico,2018673.8399999999,2.0,214,150,64,2016,161311.10225857337,1571478.7015399996,853571.699,17822.29787,77528.50100000003,0.0,13681.667670000003,13271.035999999998,595603.5,53397,74,76,0
New York,22467428.47,26.0,1248,1156,92,2016,806826.7654695673,6311501.95456,2567691.4215000006,50088.57279,593736.0599999999,0.0,102989.21297000001,82112.84000000004,2914883.8472999996,227361,393,761,2
North Carolina,6573669.58,12.0,888,730,158,2016,731377.7869807599,6833376.37098,3875722.679500001,14972.91516,500755.27900000016,0.0,92863.37831999999,57525.01399999997,2291537.1049999995,230469,324,406,0
North Dakota,902472.0,1.0,116,63,53,2016,52042.94700877831,375096.94570000016,182453.3295,6767.3362400000005,27329.737,0.0,5865.331960000001,3336.3220000000006,149344.88900000002,19273,26,37,0
Ohio,7916370.45,9.0,930,845,85,2016,796267.1668884456,8061429.560929998,2412517.5235000006,28162.13678,298251.8290000001,0.0,2799537.34965,56340.48300000001,2466620.239,237198,334,498,13
Oklahoma,4750022.57,8.0,358,260,98,2016,306074.2960633197,3209603.92941,2011045.1339999998,4137.46602,162696.37199999994,0.0,126405.41009000002,21900.000999999997,883419.5463000002,96851,178,81,1
Oregon,2423794.0,7.0,1341,603,738,2016,310332.55578447063,2738392.93309,1392001.7305000005,20773.7518,150760.946,0.0,37472.389090000004,22319.094,1115065.0217000004,103381,261,341,1
Pennsylvania,13661671.03,16.0,1136,1088,48,2016,845506.9249248779,5480864.013049998,2612747.4444999984,31812.98276,374605.0140000001,0.0,155303.31579000002,73032.686,2233362.5700000008,233995,339,741,8
Puerto Rico,291180.0,2.0,146,37,109,2016,82573.63955781,1650530.9468499997,852319.9645000002,28711.015809999997,63107.78500000001,0.0,21109.18384,4269.066000000001,681013.9317,55840,13,24,0
Rhode Island,1178835.0,1.0,89,89,0,2016,65470.204247104004,549504.3403100001,242772.8715,1761.54412,44164.028999999995,0.0,25823.294690000002,5753.751,229228.85,19649,20,69,0
South Carolina,2000000.0,4.0,738,452,286,2016,403947.8703013925,3691073.14958,2122970.4725,8876.57317,272106.99,0.0,70372.14991000001,29372.424000000003,1187374.54,134702,147,304,1
South Dakota,761436.0,1.0,120,109,11,2016,65892.93397460668,642874.70074,258293.33399999997,14267.26035,30156.737000000005,0.0,10231.22029,4806.915,325119.2341,30120,24,85,0
Tennessee,3343381.0,10.0,831,654,177,2016,474686.3233141889,4208540.959360001,2292295.1139999996,13910.23302,279651.02199999994,0.0,68145.93134000001,29795.43400000001,1524743.2250000003,146894,286,367,1
Texas,15493940.89,11.0,1768,1285,483,2016,1594563.9688835444,16117918.145051995,8433064.225499999,37785.967260000005,1463403.1809999987,1126987.1611499998,225121.97588,116304.40800000007,4715251.226261999,479814,647,618,20
Utah,1013808.0,3.0,335,311,24,2016,135987.95052154883,1133563.2068399999,499178.4620000002,1942.08985,109635.713,0.0,64748.86099,10435.829,447622.252,36368,114,197,0
Vermont,952071.0,2.0,110,97,13,2016,44270.667906826806,331098.2105,145688.6855,1349.97248,22324.028,0.0,4030.48142,4089.2400000000002,153615.80310000002,15047,22,75,0
Virginia,3887292.0,16.0,515,439,76,2016,729398.3323016283,5815406.723149997,3154781.5009999997,15631.65982,901840.3200000002,0.0,63621.80563,51249.435,1628282.0017,156857,305,132,2
Washington,5605718.76,7.0,1484,999,485,2016,567798.8370216248,4190746.75755,2351433.972,75848.46461,405935.22,0.0,70937.05664,38683.282,1247908.7622999998,131806,548,449,2
West Virginia,2616015.42,4.0,143,126,17,2016,145309.4573370142,1949038.196659999,763343.4270000001,11198.047600000002,51058.41000000001,0.0,394943.3500600001,9278.555999999999,719216.4059999998,58289,68,57,1
Wisconsin,3160502.0,4.0,415,392,23,2016,373605.87418118765,2788010.2358399993,1217551.7159999998,20754.44569,140154.799,0.0,69140.59815,33344.746,1307063.931,123267,107,285,0
Wyoming,1366620.0,1.0,87,56,31,2016,47471.9239168305,414358.07120999997,173669.4075,3975.0463799999998,19742.672000000002,0.0,1707.7439299999996,2644.8120000000004,212618.38940000004,18896,36,20,0
Alaska,775691.0,2.0,124,95,29,2017,68718.78413549719,692369.171143008,281732.64960000006,51.07522,69530.98031000003,0.0,28269.431829999998,2425.8159999999993,310359.2181830079,20119,70,25,0
Arizona,8266539.0,3.0,970,641,329,2017,507706.2634582611,4094392.811976893,1829391.57402,15765.89521,350849.3812099999,0.0,75132.72832,38232.082,1785021.1512168935,154644,268,372,1
Arkansas,1344685.0,6.0,239,130,109,2017,222286.17549969495,2224769.7707529403,1101328.8788999994,13413.21452,81816.64141,0.0,28712.354809999997,13615.783000000005,985882.8981129396,85731,85,45,0
California,35803086.0,43.0,11436,3815,7621,2017,1681729.989888273,15979540.043121044,7271510.740980002,152847.11032,1792236.9414999997,0.0,200546.88785,166982.42799999996,6395415.934471048,465607,1568,2210,37
Colorado,3887306.625,3.0,1078,743,335,2017,403327.0677070816,3611823.71953818,1683948.4459800003,238999.07372999997,408394.04435999994,0.0,61528.39156000001,35932.01,1183021.7539081806,107367,370,371,2
Connecticut,3361233.0,2.0,191,177,14,2017,184301.78289486803,1294090.441097947,466340.96142,4686.82379,119356.24086999998,0.0,16292.819320000002,24738.612999999998,662674.9826979473,50552,34,143,0
Delaware,883285.0,1.0,91,85,6,2017,71845.020554066,475088.14798218646,235293.89580000003,1459.09381,35948.3358,0.0,3613.23922,5770.054,193003.52935218642,16367,36,49,0
District of Columbia,1265661.25,1.0,285,250,35,2017,27874.7201359,3526383.8053363385,95075.26691999998,220999.22782,29687.91894000001,0.0,2984765.3415300013,2531.901,193324.14912633714,8261,81,169,0
Florida,20396653.0,27.0,2817,1821,996,2017,1525399.5760096235,13406123.901792292,6371816.320920002,57521.8791,988716.7630399999,0.0,145492.57217,132806.07899999997,5709770.287562293,516132,720,1066,35
Georgia,6716974.0,9.0,712,466,246,2017,697127.1265023872,6441820.21095952,3636448.566060002,15530.236740000002,488560.9369299999,0.0,100618.85089999999,54084.76200000003,2146576.8583295173,212347,177,289,0
Guam,706971.0,1.0,24,4,20,2017,10025.8004637204,109408.76798399509,59576.24772000001,0.0,15096.291389999997,0.0,0,687.722,34048.50687399509,2935,4,0,0
Hawaii,2113901.0,2.0,615,237,378,2017,112304.4790099471,1013846.3480613155,439159.26498000004,14146.16687,193663.26643999992,0.0,16459.65241,14677.073,335740.92436131556,27437,106,128,3
Idaho,498733.0,2.0,228,159,69,2017,122067.20816173036,998236.3786285,469437.7416,2902.2117200000002,55479.73781999998,0.0,10604.192210000001,8870.033999999998,450942.4612784997,44935,73,86,0
Illinois,8105361.0,20.0,864,575,289,2017,628254.2320192045,4588188.390136217,1851672.9691199998,2672.44071,309194.2880600001,0.0,45122.40622,63081.33199999996,2316444.954026219,178216,202,357,16
Indiana,4555698.0,2.0,615,569,46,2017,409835.5119822264,2958929.3716107737,1337063.4759,1263.23369,140443.66547999997,0.0,58714.04987,27235.98899999999,1394208.9576707722,131193,186,358,25
Iowa,2347269.0,3.0,171,153,18,2017,206430.3923854005,1448876.4656176032,625383.8004599999,-12.610520000000001,71711.38802000001,0.0,12452.669509999998,17305.259,722035.959147603,71184,77,76,0
Kentucky,1037015.0,3.0,489,445,44,2017,295390.41303336504,2624525.991206374,1300429.2109799995,5304.84477,135466.82730999996,0.0,46691.31631,19531.463000000003,1117102.3288363747,102170,156,289,0
Louisiana,5701387.0,8.0,383,329,54,2017,284074.2308402998,2661854.9432148403,1296849.4454999997,134426.07976,134652.87993999998,0.0,26760.73773,21774.367000000002,1047391.4332848394,89483,70,240,19
Maine,2100806.0,1.0,131,120,11,2017,114020.2430561633,1062791.020340459,560853.6096,948.7729300000001,43014.54620999999,0.0,19640.51009,9112.074,429221.507510459,41760,53,66,1
Maryland,5300151.0,16.0,536,440,96,2017,389640.4987683071,3007129.160092418,1442827.0209000001,5865.502189999999,350962.8537500001,0.0,27055.25572,33837.117,1146581.410532417,83074,185,249,6
Massachusetts,5109285.0,15.0,853,808,45,2017,323253.31087718526,2850782.8628535923,1224060.51048,14574.91591,236060.25050999998,0.0,26095.626430000004,42487.04000000001,1307504.5195235922,86647,176,613,19
Michigan,8087552.0,21.0,773,713,60,2017,589326.2275377378,4087747.930620038,2124528.11094,16250.857930000002,217026.64279,0.0,54255.804000000004,45693.50299999999,1629993.0119600384,157204,247,441,25
Minnesota,1663618.0,10.0,281,244,37,2017,327628.9663223003,2766903.5227435767,1193129.7153,3909.10585,125375.48663000004,0.0,92926.26800999999,35328.43199999999,1316234.5149535765,118775,154,90,0
Mississippi,3585302.0,3.0,57,39,18,2017,191410.51752484712,1814225.7724233496,880954.6057200001,15047.686899999999,88460.06471,0.0,28714.79798,14017.970000000003,787030.647113349,68491,11,28,0
Missouri,3642200.0,8.0,538,449,89,2017,442579.1884247219,3720061.980848587,1743612.2454,61763.8743,184961.27228,0.0,130159.47932,31958.65200000001,1567606.4575485871,142163,192,248,9
Montana,793652.8,1.0,205,125,80,2017,91336.12619446452,787579.3427980652,343463.8044,356.53179,43853.75431999999,0.0,10266.85563,7189.907999999998,382448.48865806527,36324,67,58,0
Nebraska,1442398.0,3.0,174,172,2,2017,130125.91960938634,1210793.2690376614,582541.9848600002,16998.76708,61912.09396999999,0.0,40735.01856999999,12314.447999999995,496290.9565576616,48179,90,82,0
Nevada,4650743.0,3.0,832,492,340,2017,218405.7414874662,2062288.1405098857,964138.1750999999,14398.236410000001,109068.57024999995,0.0,16479.84512,13939.21,944264.1036298862,75437,166,326,0
New Hampshire,1286558.0,3.0,124,113,11,2017,105390.116800813,763529.7116187166,342423.34421999997,909.9444,58206.369020000006,0.0,6814.873350000001,9461.798000000003,345713.3826287166,30915,28,84,1
New Jersey,6811043.0,16.0,583,494,89,2017,355765.86173042894,2268206.63309519,1116149.0311200002,2242.42127,228102.678,0.0,19808.20676,47330.38799999999,854573.9079451899,77152,164,330,0
New Mexico,2038861.8399999999,2.0,248,135,113,2017,158993.7370525449,1597862.138077753,835878.5515200002,6145.794,72548.35543,0.0,15206.37094,12527.779,655555.2871877527,52929,65,70,0
New York,22676173.0,26.0,1244,1186,58,2017,776522.3833353944,6359408.005963557,2535864.742079999,63280.416919999996,550376.6885599997,0.0,101869.92605000001,87286.59999999999,3020729.6323535563,224459,608,524,54
North Carolina,6619356.0,12.0,931,732,199,2017,730357.4787713235,7153003.299363949,3961193.2866,30313.011940000004,478025.03069999994,0.0,96636.91106,62837.65800000001,2523997.401063948,236502,330,402,0
North Dakota,911497.0,1.0,74,58,16,2017,51677.257719009984,405950.315087752,180069.31182,6717.609710000001,25589.607829999994,0.0,5950.92518,3775.1420000000003,183847.71854775198,19306,18,40,0
Ohio,7688419.0,9.0,862,785,77,2017,774934.5987466834,8652675.304102974,2417453.7744000005,28046.09781,286436.7261800001,0.0,3166039.3742299993,58043.71600000002,2696655.6154829734,238817,319,456,10
Oklahoma,4729637.0,8.0,349,235,114,2017,303204.7508081623,3281757.9249323895,1974309.4673400007,3499.87299,151784.63678999993,0.0,132878.82284,20658.213,998626.9119723904,96914,154,79,2
Oregon,2448032.0,7.0,1251,583,668,2017,303689.1116817208,2842535.2176634367,1359451.2304800001,27519.29822,152921.76682000005,0.0,38092.399040000004,23313.296999999995,1241237.2261034371,102828,274,309,0
Pennsylvania,13797708.0,16.0,963,875,88,2017,819184.510449961,5663673.669515447,2601687.3055800004,25500.73442,353659.2219200001,0.0,158656.33058,76410.642,2447759.4350154437,232509,273,587,15
Puerto Rico,294092.0,2.0,94,30,64,2017,79322.15068091,1613330.0851835187,839986.2659399996,23863.06383,58359.0994,0.0,24161.28223,3648.9270000000006,663311.4467835181,54248,5,25,0
Rhode Island,1178835.0,1.0,95,92,3,2017,63250.36883798901,575316.3583847696,235520.44086000003,8945.29861,43101.851060000015,0.0,28918.988839999998,5562.514000000001,253267.26501476957,19659,31,61,0
South Carolina,2020000.0,4.0,480,321,159,2017,402596.466678401,3828891.12856159,2158684.33788,7410.93212,259649.83667999998,0.0,76721.84408,30371.820000000003,1296052.3578015896,137229,108,212,1
South Dakota,769050.0,1.0,130,123,7,2017,65335.38838408639,680744.355786992,253309.95893999995,11328.661240000001,29310.947839999997,0.0,10515.128560000001,5319.930999999997,370959.72820699203,29970,48,75,0
Tennessee,3376815.0,10.0,757,615,142,2017,470389.8798607298,4420981.008014839,2300995.8292799992,16150.809870000001,268344.73917,0.0,74507.63935,28610.74,1732371.250344839,150106,291,324,0
Texas,15023131.0,11.0,2200,1379,821,2017,1584844.1558890804,16874116.094975863,8581720.202580005,51948.023949999995,1419849.1264200006,1170406.0745299999,237477.41624999995,121483.41399999998,5291231.837245842,489510,803,562,14
Utah,1023946.0,3.0,220,203,17,2017,134312.7622222833,1186425.9151814852,502595.48034,8051.17475,98932.56979999998,0.0,73648.03795,11841.083999999999,491357.5683414851,36743,83,120,0
Vermont,952071.0,2.0,94,89,5,2017,43190.9103760861,332092.82052368036,144481.33127999998,23.90185,20906.48275,0.0,3923.2186,3944.6749999999997,158813.21104368032,14992,22,67,0
Virginia,3923214.0,16.0,478,384,94,2017,725028.299221603,5946630.84089415,3200433.9202799997,28847.10034,817753.5927699998,0.0,67576.20713,56698.504000000015,1775321.5163741512,160704,265,116,3
Washington,5648615.0,7.0,2093,1094,999,2017,560199.7958046085,4317006.318731284,2321740.67088,52980.81075999999,411192.69224,0.0,74754.67536000001,43974.55100000001,1412362.9184912841,134681,548,546,0
West Virginia,2632449.0,4.0,137,124,13,2017,142694.4189161144,1955283.7653905544,746902.3970400002,4626.86271,47821.49470000002,0.0,369056.34369,10828.617000000006,776048.0502505547,57874,76,46,2
Wisconsin,3192107.0,4.0,329,309,20,2017,363898.1354910607,2866806.3039427144,1202792.2732199999,11322.467020000002,129167.15358000003,0.0,72644.71476999999,33906.488999999994,1416973.2063527147,123422,90,212,7
Wyoming,1366620.0,1.0,63,50,13,2017,47220.319869785795,449086.68325263966,173021.23217999996,4782.20335,19059.069249999997,0.0,1843.1184599999997,3301.7460000000005,247079.3140126397,18851,35,15,0
Alaska,775691.0,2.0,132,110,22,2018,68847.1322477925,724070.1798343986,282164.1880000001,4.17137,73986.096,0.0,30946.8754,2724.1189999999992,334244.73006439843,20831,87,23,0
Arizona,8173034.6899999995,3.0,893,540,353,2018,500133.35544282966,4105002.9039959866,1834997.3919999998,19862.26353,351748.92199999996,0.0,78357.22717,32619.472999999998,1787417.6262959866,159301,217,295,28
Arkansas,904775.0,7.0,251,150,101,2018,219333.61944828552,2219193.1156971734,1070595.4119999995,5582.81166,73588.90100000003,0.0,29050.730959999997,12262.169000000002,1028113.0910771723,84962,81,69,0
California,50032906.49,43.0,10836,3622,7214,2018,1629238.3931687057,16039128.65864117,7157234.11,194672.27628,1830349.3119999995,0.0,206978.8523,145030.47400000002,6504863.634061165,466704,1486,2000,136
Colorado,5581890.0,3.0,1073,657,416,2018,398782.99117110623,3582328.797204834,1662319.8699999992,154830.26687,432114.14,0.0,55798.48840999999,30207.02,1247059.0119248347,109626,468,187,2
Connecticut,3361233.0,2.0,190,177,13,2018,177234.54722315198,1307341.781853137,459251.44399999996,2541.85623,123703.72299999998,0.0,16451.889730000003,21173.448999999997,684219.4198931372,50397,38,139,0
Delaware,883285.0,1.0,70,67,3,2018,70798.361909119,476658.1033001062,235253.27699999997,601.3588000000001,36642.644,0.0,3513.1532,5138.429,195509.2413001062,16905,46,17,4
District of Columbia,1265661.25,1.0,306,246,60,2018,27356.294102822496,3836010.3737328015,92178.227,165038.59529000003,29067.974,0.0,3235390.0756799993,2356.336,311979.16576280195,8081,119,127,0
Florida,23006531.53,27.0,2543,1582,961,2018,1491069.7243807062,13267458.463093678,6342478.84,55579.37171000001,1007883.068,0.0,141238.22537,114061.11899999998,5606217.839013678,524206,591,959,32
Georgia,9712974.05,9.0,705,429,276,2018,694168.4585386689,6401768.257299574,3638051.5130000003,19122.162360000002,486659.0420000005,0.0,101274.34318999999,47387.36799999999,2109273.82874957,218156,194,235,0
Guam,695293.82,1.0,14,4,10,2018,10107.7803711276,112379.84187544102,59082.259,0.0,16463.685,0.0,0,454.166,36379.73187544102,3038,4,0,0
Hawaii,3107120.0,2.0,532,240,292,2018,111459.31885178419,996545.6636557762,436248.00299999997,2184.92526,180142.455,0.0,17151.00833,12379.971,348439.30106577615,28118,127,113,0
Idaho,478054.95,2.0,215,146,69,2018,120903.14043089919,1039772.3668268906,473760.0980000001,7394.13703,54847.732,0.0,11460.44716,7201.049999999999,485108.90263689024,46683,74,72,0
Illinois,8104916.18,20.0,804,574,230,2018,609881.0856590716,4583447.171756085,1826990.9470000002,3449.23315,291775.9319999999,0.0,42121.57283999999,55515.954999999994,2363593.531766087,177919,341,207,26
Indiana,4544272.41,2.0,539,491,48,2018,401069.980662779,2915742.737338715,1303584.8110000005,1535.5160799999999,132183.62100000004,0.0,61692.29413,23935.425999999996,1392811.0691287138,130750,214,252,25
Iowa,2347269.0,3.0,196,177,19,2018,201353.19157853565,1444373.4427179669,604894.5690000003,173.29584,63592.81700000002,0.0,13551.95138,16628.183000000005,745532.6264979674,70259,86,68,23
Kentucky,1837015.0,3.0,369,308,61,2018,291660.32272540184,2549801.0084243445,1231815.610999999,14654.05581,128077.81799999994,0.0,47672.675339999994,16836.982999999997,1110743.8652743443,102245,118,190,0
Louisiana,5701018.52,7.0,406,362,44,2018,280549.074216293,2628032.9580205046,1270593.6749999996,37414.661329999995,130704.25499999996,0.0,26378.539289999997,17907.002000000004,1145034.825400505,89960,110,227,25
Maine,2099469.0,1.0,119,106,13,2018,111266.16159736701,1062027.2565390258,534426.6150000001,676.81921,46113.174,0.0,20572.24334,7338.829000000001,452899.575989026,42168,50,55,1
Maryland,5300151.0,16.0,574,470,104,2018,380317.325652306,3019652.54632625,1426103.41,11545.51865,348139.559,0.0,22708.333209999997,31114.665999999997,1180041.05946625,83474,170,286,14
Massachusetts,4447172.76,15.0,985,934,51,2018,310648.8021814204,2807487.378395224,1174017.7059999998,10594.49392,245746.766,0.0,25009.745000000003,36309.774,1315808.8934752238,87015,226,668,40
Michigan,8585961.74,21.0,693,646,47,2018,570662.2909422127,4035413.428537195,2049343.3920000005,12460.95683,210600.614,0.0,51353.25997,39205.634000000005,1672449.5717371942,158946,251,343,52
Minnesota,2663618.0,10.0,301,250,51,2018,318061.62884605135,2778320.7001481354,1138801.716,4403.45082,120935.61599999994,0.0,98419.45800999999,31790.951999999987,1383969.507318136,120334,139,109,2
Mississippi,3584309.0,3.0,102,37,65,2018,189084.6914617288,1778520.1783075512,854730.7730000002,9645.68759,74722.057,0.0,26550.32724,9907.015000000003,802964.3184775518,67824,10,27,0
Missouri,3627634.29,8.0,507,415,92,2018,434373.312539554,3697993.7253195797,1673700.237,66048.50124000001,173311.05300000004,0.0,125502.42021000001,27504.55799999999,1631926.9558695785,143204,197,199,19
Montana,793652.8,1.0,198,125,73,2018,90230.6852846396,780981.6242783016,333857.825,2655.02627,41530.729999999996,0.0,10874.681690000001,4613.558000000001,387449.80331830157,36549,58,67,0
Nebraska,1704538.0,3.0,171,168,3,2018,127254.9886672603,1191639.173821731,554786.7869999999,12507.49134,56840.852,0.0,41119.20222,10956.364999999996,515428.47626173095,48273,97,71,0
Nevada,3696893.0,3.0,723,530,193,2018,214638.51504670267,2078261.116456923,974512.7349999999,15074.21992,112421.07500000001,0.0,16434.90289,11025.007,948793.1766469233,77111,159,364,7
New Hampshire,1286558.0,3.0,143,136,7,2018,102682.347097694,772524.9528465421,334889.98899999994,413.21067999999997,61660.374,0.0,7717.451779999999,8469.157000000001,359374.77038654214,31161,43,90,3
New Jersey,6126217.0,16.0,555,470,85,2018,340561.39728128794,2225449.344965011,1085500.501,1174.78498,230501.261,0.0,21031.705990000002,39871.931,847369.1609950109,77157,150,318,2
New Mexico,2038861.0,2.0,290,177,113,2018,156595.4365325617,1545337.0559743354,795765.031,2910.3494600000004,66098.45899999999,0.0,15966.5585,10000.103999999998,654596.554014335,53854,112,65,0
New York,21411709.37,26.0,1224,1184,40,2018,747146.3959904287,6283122.914368617,2440257.4010000005,65806.81569,574108.893,0.0,101714.94787,75368.45999999998,3025866.3968086164,221835,702,408,74
North Carolina,7783167.57,12.0,884,735,149,2018,728177.810833881,7308631.147849829,3982710.102999999,19818.28782,494053.57199999987,0.0,92298.95500999998,55225.21100000001,2664525.019019829,241347,370,365,0
North Dakota,911497.0,1.0,9,9,0,2018,51265.32196460521,412760.76530152047,173799.25499999998,6300.51737,23387.233000000004,0.0,6161.971219999999,3332.385000000001,199779.40371152037,19601,9,0,0
Ohio,9806488.36,9.0,749,694,55,2018,753809.0749275604,8692249.207642633,2389949.8249999997,14032.15258,281492.84899999993,0.0,3164823.1325200005,51770.12699999997,2790181.121542633,240803,286,366,42
Oklahoma,4729637.0,8.0,313,206,107,2018,300100.46009155153,3258053.3440957884,1915539.2240000004,7611.2979700000005,144156.58100000003,0.0,140425.12847999998,19385.332000000002,1030935.7806457891,97839,125,79,2
Oregon,5459894.0,7.0,1363,600,763,2018,297039.1348752097,2862576.7070823708,1325174.3949999998,28463.9103,160262.37,0.0,39141.080149999994,18661.861000000004,1290873.0906323704,103494,299,301,0
Pennsylvania,13521407.0,16.0,982,910,72,2018,793321.1143046378,5547696.283013489,2510819.323,27340.30166,347612.4279999999,0.0,155327.50052,66237.86799999999,2440358.861833491,231712,293,567,50
Puerto Rico,298812.0,2.0,82,18,64,2018,76144.04353595272,1557601.1096938867,775862.5410000002,16835.53361,45052.675000000025,0.0,25430.089239999998,3708.7589999999996,690711.511843887,51849,3,15,0
Rhode Island,1178835.0,1.0,103,100,3,2018,61078.38253904901,558899.9831930967,221673.64299999998,7750.308339999999,42568.654,0.0,31825.355669999997,5111.2429999999995,249970.77918309672,19535,37,63,0
South Carolina,3352500.0,4.0,415,320,95,2018,400741.99991944013,3849696.1835801415,2142531.6989999996,8916.08757,267228.77999999997,0.0,78900.45615,27913.488000000005,1324205.6728601407,138925,137,179,4
South Dakota,769050.0,1.0,110,89,21,2018,64733.2148991821,668431.3483728667,242116.53900000002,6771.28788,25108.961000000003,0.0,10749.89548,4829.744999999999,378854.9200128666,30141,30,59,0
Tennessee,4126815.0,10.0,742,556,186,2018,465674.86639315635,4407935.830238633,2274082.4089999995,10738.421119999999,263909.444,0.0,78140.73593,26806.552,1754258.2681886316,152841,223,327,6
Texas,16603983.530000001,11.0,1935,1142,793,2018,1574021.0729194144,17079858.30445513,8573040.020000001,20874.28997,1433568.9769999997,1189447.7201399999,226764.14708,105309.57499999998,5530853.575265128,502257,688,438,16
Utah,1023946.0,3.0,239,222,17,2018,132570.8303306841,1201769.6734256416,504918.41500000004,6238.41029,92695.00699999998,0.0,77368.56955999999,8893.019999999999,511656.2515756413,37074,72,150,0
Vermont,952071.0,2.0,104,96,8,2018,42120.477050718495,321578.3168497571,137559.10700000002,3.70377,19975.016000000003,0.0,4220.13626,3204.3039999999996,156616.0498197571,14752,34,62,0
Virginia,3911012.79,16.0,485,400,85,2018,719916.374242101,5922115.778124639,3190306.2739999997,19968.4529,806718.891,0.0,69695.18742999999,47710.862999999976,1787716.1097946393,163113,299,101,0
Washington,8095129.26,6.0,1636,770,866,2018,552291.3920590352,4377268.316624596,2265561.639,30965.263440000002,444744.11099999986,0.0,77058.38712,32870.135,1526068.7810645974,138757,479,290,1
West Virginia,2331166.0,4.0,131,106,25,2018,140027.1083138753,1971288.4256922267,728133.348,15649.521139999999,41973.736000000004,0.0,405641.17432,7597.7119999999995,772292.9342322274,57370,69,37,0
Wisconsin,3942107.0,4.0,332,321,11,2018,354266.2604152937,2863140.002782272,1170060.0479999997,10798.374590000001,116544.02899999998,0.0,73842.15550000001,29591.345999999998,1462304.0496922731,124134,120,200,1
Wyoming,1366620.0,1.0,47,47,0,2018,46927.4557693552,462774.6018311451,169700.80699999997,11809.22284,16429.928999999996,0.0,1762.4038499999997,3822.2679999999996,259249.9711411452,18816,36,11,0
Alaska,791240.0,2.0,111,85,26,2019,68890.8670219045,823089.9144914217,333061.001,938.64203,74000.24200000001,0.0,28714.10554,2535.1699999999996,383840.75392142165,21724,53,32,0
Arizona,8165965.0,3.0,910,598,312,2019,492472.398692453,4694175.741275892,2227962.6790000005,17525.246489999998,350015.072,0.0,80727.53336999999,32158.412,1985786.7984158923,162285,218,333,47
Arkansas,922910.0,5.0,238,153,85,2019,216323.3364015965,2514571.734239736,1242636.0650000002,1814.1277299999997,85939.24900000003,0.0,29208.927899999995,11865.512,1143107.8526097352,84541,80,73,0
California,63784467.0,44.0,10980,3261,7719,2019,1578508.9312171622,17880625.196980547,8354915.490999999,203698.99431,1867089.2770000005,0.0,217158.47091,130196.11399999999,7107566.849760549,465475,1436,1609,216
Colorado,4673727.0,3.0,1068,792,276,2019,394144.61616511527,3821243.139773722,2000760.2410000002,1006.6224400000017,440295.74499999994,0.0,55894.89534999999,28747.207000000002,1294538.4289837219,110867,494,289,9
Connecticut,3397551.0,2.0,195,182,13,2019,170453.66883727,1450274.447392673,532795.572,744.9818399999999,122983.43300000002,0.0,17433.33457,21112.657,755204.468982673,49652,50,132,0
Delaware,900989.0,1.0,65,61,4,2019,69715.179733913,535395.4243125037,282154.43000000005,14.76379,38354.08499999999,0.0,3467.4136400000007,5004.1759999999995,206400.55588250363,17376,26,35,0
District of Columbia,1265661.25,1.0,297,262,35,2019,26863.29437738,4301017.404098836,107722.867,282814.13571999996,35682.847,0.0,3626324.68009,2278.828,246194.04628883558,7885,124,138,0
Florida,25175314.0,27.0,2472,1576,896,2019,1457205.3286150962,15181485.60349237,7608439.534999998,107466.86507,1040607.172,0.0,168060.72231,108410.924,6148500.385112376,531488,576,894,106
Georgia,8098451.0,9.0,801,448,353,2019,690725.8963504767,7345472.404841056,4383901.843999999,12323.065709999999,527606.6309999997,0.0,105104.94316000002,44376.88900000002,2272159.031971057,223543,271,177,0
Guam,638307.0,1.0,23,5,18,2019,10183.182777942899,129465.0596590848,70144.229,0.0,16003.371,0.0,0,588.148,42729.31165908479,3073,5,0,0
Hawaii,3169398.0,2.0,505,210,295,2019,110524.4537595587,1123321.4203994446,521143.30700000003,825.24671,175108.254,0.0,17048.63154,11326.67,397869.31114944466,28756,102,108,0
Idaho,316790.0,2.0,201,129,72,2019,119695.64976394025,1176243.0079437972,574422.789,5070.8598,61818.68999999999,0.0,11892.935190000002,7879.468000000003,515158.26595379796,47051,78,51,0
Illinois,7668820.0,19.0,690,536,154,2019,591988.7285266529,5110462.74530242,2136547.501,7818.99338,297264.3119999998,0.0,43127.678459999996,55324.80599999999,2570379.45446242,176245,299,214,23
Indiana,4607619.0,2.0,572,529,43,2019,392388.231784516,3294413.0329142353,1517487.164,5919.83197,140425.48099999997,0.0,66473.39989999999,22860.37500000001,1541246.7810442362,130347,229,278,22
Iowa,2341050.0,3.0,149,137,12,2019,196376.12457926918,1624539.6199326317,714664.5970000004,760.0924200000001,72146.10700000002,0.0,14159.800720000001,14306.722000000003,808502.3007926317,69841,71,42,24
Kentucky,1873927.0,3.0,447,412,35,2019,287789.7607121751,2873867.601191183,1421468.0569999998,10436.606810000001,141336.68799999994,0.0,50491.32935000001,17107.411999999993,1233027.5080311848,102023,132,280,0
Louisiana,5794685.0,7.0,360,317,43,2019,276931.40987516515,2988017.5405193153,1501913.8320000004,7416.066059999999,140936.95800000004,0.0,26746.013460000002,16851.544000000005,1294153.1269993163,91002,104,190,23
Maine,2141550.0,1.0,116,108,8,2019,108547.12625847918,1170203.9368691978,614740.366,1013.27157,51703.34400000001,0.0,20304.321210000002,8043.870000000001,474398.76408919774,41766,48,59,1
Maryland,5406386.0,16.0,490,411,79,2019,371163.74230139534,3417492.4540698878,1721262.3739999998,3561.6886400000003,362273.03599999996,0.0,29410.409219999998,28803.327,1272181.6192098875,85588,165,235,11
Massachusetts,4424943.0,15.0,917,884,33,2019,298514.84588237974,3077073.014335742,1325035.5600000003,17453.617459999998,252695.59399999998,0.0,26681.725830000003,36424.52599999999,1418781.9910457423,85810,262,579,43
Michigan,8489989.0,21.0,599,574,25,2019,552412.2602547612,4534485.69232154,2355196.7709999997,30112.965119999997,223673.34099999996,0.0,51496.471059999996,38402.399000000005,1835603.7451415395,159285,249,278,47
Minnesota,2730209.0,10.0,297,234,63,2019,308725.3064004745,3048351.0163907344,1323169.9120000002,3454.5872899999995,131069.68499999998,0.0,99172.96894000002,29114.79900000001,1462369.0641607337,121333,137,94,3
Mississippi,2070929.0,3.0,72,49,23,2019,186702.43268617176,2046100.1258436048,1026348.1689999999,10211.27368,86211.00300000001,0.0,26324.508590000005,10931.074999999999,886074.0965736045,67697,20,29,0
Missouri,3700346.0,8.0,488,393,95,2019,426190.3534911678,4188436.019909545,1965143.2329999995,91194.87233,186559.55000000002,0.0,127322.03521000002,27469.99300000001,1790746.3363695445,143320,214,160,19
Montana,793652.8,1.0,205,136,69,2019,89096.05300331058,884155.7102531701,404725.4719999998,1771.9535799999999,43894.84599999998,0.0,11463.5715,6072.999999999999,416226.8671731701,36693,62,74,0
Nebraska,1336773.0,3.0,175,164,11,2019,124439.25683148476,1356201.0297033053,645761.1059999999,37990.081979999995,64761.723,0.0,45515.65404,9714.657,552457.8076833055,48458,99,42,23
Nevada,5301057.0,3.0,674,509,165,2019,210766.10827224454,2431890.882195935,1190462.6090000002,15555.984889999998,127100.68699999998,0.0,17070.44481,12721.218,1068979.9384959345,79010,138,370,1
New Hampshire,1035650.0,3.0,113,106,7,2019,100020.353956848,885836.3796936322,391716.556,195.5408,66508.74,0.0,8590.78567,8969.535999999998,409855.2212236322,31468,18,86,2
New Jersey,6013227.0,16.0,551,485,66,2019,325981.48673669517,2470314.612951885,1254479.565,1422.3207699999998,236724.56600000002,0.0,20160.268739999996,38896.69799999999,918631.1944418849,76664,156,326,3
New Mexico,2079729.0,2.0,257,119,138,2019,154171.78383473726,1751262.2827412966,921513.116,1542.37654,73088.48499999999,0.0,16371.6618,9217.76,729528.8834012965,54014,84,35,0
New York,19780799.0,27.0,1270,1247,23,2019,718899.9014663217,6892834.035284558,2791811.671999999,75134.06943,590540.8180000001,0.0,107544.97335999999,75383.24300000002,3252419.2594945603,217937,775,394,78
North Carolina,6019216.0,12.0,907,763,144,2019,725312.8955483163,8367342.51425024,4772645.328999999,19517.58808,541616.976,0.0,94343.28727,50313.73600000001,2888905.597900245,245942,413,350,0
North Dakota,929767.0,1.0,49,49,0,2019,50841.662773136595,472047.43734887947,212541.757,243.73673000000002,24430.707999999988,0.0,6178.067369999999,2866.3060000000005,225786.86224887957,20305,18,14,17
Ohio,10102972.0,9.0,676,610,66,2019,733081.6844494684,9459429.158719204,2759808.5330000003,25525.837199999998,295830.444,0.0,3244446.6279099993,50315.13599999999,3083502.580609202,241389,270,285,55
Oklahoma,4802143.0,8.0,280,203,77,2019,296890.99462928367,3744288.208336141,2241743.198999999,2397.63697,158281.12300000005,0.0,148428.66229000004,17716.202999999998,1175721.3840761406,99545,160,42,1
Oregon,6380735.0,7.0,1438,611,827,2019,290443.6656720561,3180476.304764377,1526267.8079999997,32070.58638,160973.207,0.0,39988.743950000004,17978.843999999997,1403197.1154343758,103569,307,304,0
Pennsylvania,9670217.0,16.0,857,820,37,2019,768093.572103837,6107649.7205454735,2877075.9990000003,16822.75857,364677.93000000005,0.0,156293.7507,63667.887,2629111.3952754745,229657,273,492,55
Puerto Rico,304801.0,2.0,90,18,72,2019,73054.76258348,1737934.385496546,883551.2040000001,21249.490130000002,58914.456000000006,0.0,27063.844760000004,3110.896000000001,744044.4946065462,51794,2,15,1
Rhode Island,1178835.0,1.0,92,89,3,2019,58976.430894205,627130.8947993529,253652.233,16944.18694,45409.575,0.0,34512.91202,4505.216,272106.7718393528,19551,29,60,0
South Carolina,5280050.0,4.0,462,343,119,2019,398589.4247488912,4405949.529411094,2561625.1979999994,14400.822919999999,278949.043,0.0,85222.87671000001,26288.087999999992,1439463.5007810942,141057,150,188,5
South Dakota,784465.0,1.0,66,55,11,2019,64119.1422466006,743077.3450573641,291447.9060000001,3432.9883,28274.785000000003,0.0,11306.71197,3808.4370000000004,404806.5167873641,30516,44,11,0
Tennessee,3421060.0,10.0,679,539,140,2019,460692.25032145187,5024968.738616081,2675980.739,13285.13364,283043.64499999984,0.0,76961.51942000001,24993.844,1950703.8575560797,155000,225,310,4
Texas,17075308.0,11.0,1806,1225,581,2019,1562721.8492101992,18546803.751028173,10261180.454999996,24974.00039,1492178.6710000006,396288.99451,223341.56646000006,98408.73199999997,6050431.331668169,513806,743,403,79
Utah,1039656.0,3.0,211,184,27,2019,130816.93926385908,1340822.5990742599,603120.0449999999,4250.63971,98556.035,0.0,78468.14491,8664.804,547762.9304542599,37450,108,76,0
Vermont,952071.0,2.0,87,78,9,2019,41072.6988158121,363179.90545651683,159808.113,1.01624,23265.901,0.0,4221.831220000001,3343.15,172539.89399651682,14468,25,53,0
Virginia,3959659.0,16.0,447,355,92,2019,714410.3497710419,6829758.1750954185,3846120.2379999976,18260.55943,857394.3960000002,0.0,76327.27332000001,45122.616000000016,1986533.0923454226,167677,282,61,12
Washington,8242436.0,6.0,1585,818,767,2019,544289.6039229984,4896346.222946408,2646996.237,12289.2348,450693.765,0.0,87971.50997000001,32854.312,1665541.1641764082,140214,475,341,2
West Virginia,2377892.0,4.0,137,113,24,2019,137336.57315618708,2197413.1784927244,830071.5200000001,26945.781890000002,47196.326,0.0,425721.00786,8915.400000000001,858563.1427427246,56339,80,33,0
Wisconsin,3229333.0,4.0,359,334,25,2019,344785.02003694006,3175392.8553079986,1354385.7939999998,11989.30946,130340.58199999997,0.0,74854.07792999998,27862.826999999997,1575960.2649179967,123518,107,227,0
Wyoming,1366620.0,1.0,51,43,8,2019,46613.1565749924,504899.2930576285,203047.503,7558.370000000001,18217.013000000003,0.0,1769.26895,2092.399,272214.73910762847,19128,22,21,0
Alaska,1307066.0,2.0,94,82,12,2020,69383.63422359509,875583.4111163251,362753.72599999997,2526.0751099999998,61643.004,0.0,29159.423369999997,1923.6559999999995,417577.5266363251,21685,61,21,0
Arizona,8880956.0,3.0,921,579,342,2020,504451.4072379092,5244621.257271604,2480238.2690000003,19945.618649999997,317857.75,0.0,87661.65178,30757.248000000003,2308160.7198416037,163613,159,372,48
Arkansas,1441369.0,4.0,188,107,81,2020,202517.3379549587,2674496.0211938187,1329474.3650000002,15022.25891,82555.04000000002,0.0,28909.25332,10034.656999999997,1208500.4469638197,83510,68,39,0
California,95060168.0,44.0,11401,3405,7996,2020,1659400.6862932122,19163866.06741592,8969514.246000001,219978.559,1777554.985,0.0,227201.55597,117690.48200000003,7851926.239445915,459981,1619,1633,153
Colorado,4123551.0,4.0,1044,696,348,2020,392115.53873604594,4094830.4338137168,2065141.3009999995,21908.217969999998,401767.1840000001,0.0,58519.63223,26168.309999999994,1521325.7886137166,111754,397,271,28
Connecticut,3371343.0,2.0,199,187,12,2020,167454.4912251368,1492740.8202702487,555101.593,1143.32293,100963.34099999999,0.0,17846.82435,17553.003999999997,800132.7349902487,47687,48,130,9
Delaware,919009.0,1.0,78,71,7,2020,70339.574967663,589308.1823911899,307639.608,7209.87803,34012.066,0.0,712.3866399999999,4598.345,235135.89872118988,17330,34,37,0
District of Columbia,3000000.0,1.0,302,254,48,2020,28928.30529966,4483297.496732368,117273.12,416504.64382999996,30933.682,0.0,3637758.221840001,2175.216,278652.61306236696,7677,121,133,0
Florida,25678828.0,27.0,2436,1470,966,2020,1517442.4848555892,16640833.858923882,8317991.111000001,125262.61617000001,979604.5960000001,0.0,182850.51302,102070.97100000002,6933054.051733887,532055,555,799,116
Georgia,6179534.0,9.0,764,376,388,2020,696190.6826714509,7981701.475748992,4723083.450999998,11482.20434,519831.67900000006,0.0,101478.14387,41057.076,2584768.9215389937,225780,216,160,0
Guam,651074.0,1.0,21,6,15,2020,11725.6576120627,136690.32336990852,76687.006,0.0,13281.133,0.0,0,292.118,46430.06636990853,3189,6,0,0
Hawaii,6232787.0,2.0,485,244,241,2020,114521.02982692311,1191580.4886020636,569851.8759999999,625.4809399999999,169655.87999999998,0.0,18062.596129999998,10939.37,422445.28553206386,29121,130,70,44
Idaho,323126.0,2.0,178,112,66,2020,124302.42393027648,1330004.5635576164,642079.1439999996,1646.78375,60632.877999999975,0.0,12476.36067,6574.989999999998,606594.4071376165,47431,60,52,0
Illinois,12822200.0,19.0,736,504,232,2020,605841.7399585404,5445733.943395792,2306070.641999999,32842.36391,262875.6579999999,0.0,43206.37196999999,46880.297000000006,2753858.6105157924,169824,199,282,23
Indiana,4733521.0,2.0,530,460,70,2020,411140.538365597,3518950.1756697544,1598854.7280000004,12844.80977,128506.83100000005,0.0,70982.60455000002,19355.129999999994,1688406.072349753,126715,207,231,22
Iowa,2376550.0,3.0,154,136,18,2020,199339.40882592378,1743878.8032258574,766006.7789999997,705.80239,64634.393999999986,0.0,17294.945330000002,12421.692999999997,882815.1895058564,68060,77,36,23
Kentucky,1911407.0,3.0,399,359,40,2020,288894.3665783462,3020251.6483695195,1481246.879,15362.47414,125474.33900000004,0.0,53982.72299,13885.119999999997,1330300.1132395198,100123,133,226,0
Louisiana,4079901.0,7.0,378,336,42,2020,287747.0290993973,3194430.5020309417,1585974.5979999998,7428.47619,130373.20400000004,0.0,27907.38495,14911.245000000006,1427835.5938909408,89805,89,186,61
Maine,2184381.0,1.0,103,93,10,2020,109567.08175298311,1254718.8411130472,646480.2949999999,3184.10683,44306.556,0.0,20847.864609999997,6502.923000000001,533397.095673047,41380,42,50,1
Maryland,5514517.0,16.0,464,392,72,2020,384661.8180073463,3590268.3505030945,1861035.03,2123.0692200000003,306897.4539999999,0.0,25343.077740000008,27679.998,1367189.7215430941,85053,174,209,9
Massachusetts,5513443.0,13.0,836,807,29,2020,314818.4961263971,3227382.288585547,1361395.3,25021.245490000005,217098.669,0.0,26931.4885,31425.93,1565509.6555955468,82622,215,553,39
Michigan,8396099.0,20.0,639,594,45,2020,567919.0187080306,4879481.555368102,2502219.6850000005,26129.68435,200168.81300000002,0.0,52886.749930000005,37234.066000000006,2060842.557088102,156673,223,321,50
Minnesota,2784814.0,10.0,315,268,47,2020,312843.11631894467,3329309.0871165153,1396629.5440000005,12169.33269,112677.08200000005,0.0,107422.48757,27342.109000000004,1673068.531856515,118665,146,122,0
Mississippi,2112349.0,3.0,68,37,31,2020,185462.2733162805,2227333.4568757457,1108022.5859999997,27118.89484,85280.501,0.0,27839.41035,9406.45,969665.6146857451,67092,9,28,0
Missouri,3774355.0,8.0,453,366,87,2020,421489.6234856883,4489858.84678573,2073831.043,68711.58721000001,163440.403,0.0,134656.22798,25318.237,2023901.3485957298,142259,189,175,2
Montana,793652.8,1.0,165,104,61,2020,89659.81765282169,1067005.165959909,448621.90500000026,10296.20244,39338.687,0.0,12800.41218,5960.742,549987.217339909,37179,47,57,0
Nebraska,1342177.0,3.0,153,146,7,2020,126950.53432522922,1512896.584518585,698164.3910000001,48401.07797,59466.62999999998,0.0,48062.01282000001,8863.196,649939.2767285857,47754,77,40,29
Nevada,6376261.0,3.0,924,522,402,2020,221610.3298869738,2743750.83813352,1326694.434,11684.128340000001,126300.395,0.0,17124.87627,10103.437000000002,1251843.5675235204,78870,120,402,0
New Hampshire,1056363.0,3.0,116,101,15,2020,99248.8970661879,953463.0910288291,417784.207,8408.869980000001,55224.325,0.0,9640.958440000002,7473.556,454931.17460882926,30800,22,79,0
New Jersey,6027392.0,16.0,595,511,84,2020,339518.9454193226,2531623.3993913406,1317720.35,1483.45498,199686.357,0.0,20665.70338,37480.177,954587.3570313405,73682,159,352,0
New Mexico,2121325.0,2.0,252,114,138,2020,151278.528246861,1887261.3641891433,974431.771,10287.95346,66098.14100000002,0.0,17917.29024,8980.631000000001,809545.5774891435,53264,79,35,0
New York,26407902.0,24.0,1251,1214,37,2020,737764.971040223,7038008.117342179,2885476.5139999995,75844.8908,467969.2490000001,0.0,118070.77071000001,66087.78500000002,3424558.90783218,208671,730,415,69
North Carolina,7139602.0,12.0,798,669,129,2020,698182.930860024,9130064.194545288,5199579.695,28784.606490000002,503733.8530000001,0.0,96689.35884999999,46864.13299999999,3254412.548205288,247689,309,360,0
North Dakota,948363.0,1.0,49,45,4,2020,53608.265768954414,523733.65716098936,227649.27000000005,618.3792199999999,22879.815000000006,0.0,6876.85354,2495.0159999999996,263214.3234009895,20368,17,9,19
Ohio,10155458.0,9.0,730,698,32,2020,741602.0405427341,10204668.969715865,2935769.067,21059.52093,271096.3319999998,0.0,3599692.731169999,42941.730000000025,3334109.5886158654,237505,330,324,44
Oklahoma,4898187.0,8.0,325,202,123,2020,295303.5226026701,4021872.547942847,2389698.4060000004,1122.97,155935.96000000002,0.0,157618.63945999995,15084.036,1302412.5364828464,100742,120,80,2
Oregon,8494063.0,8.0,1329,654,675,2020,295278.5007891031,3488244.2885414376,1605065.573,30023.236380000002,150997.614,0.0,41328.31367999999,16721.096,1644108.4554814373,101786,311,343,0
Pennsylvania,9863626.0,16.0,977,920,57,2020,791913.8150674535,6439247.984003989,2994185.7150000012,16154.523220000001,309374.31400000013,0.0,163075.93360999998,58270.81299999999,2898186.685173987,224252,329,531,60
Puerto Rico,310898.0,2.0,88,16,72,2020,69493.20355410001,1815905.2693144993,913633.7099999997,26561.5799,53986.935000000005,0.0,29283.769539999998,1819.6189999999997,790619.6558744989,51578,1,15,0
Rhode Island,1178835.0,1.0,92,84,8,2020,62151.352811456,663049.6707486429,262599.101,18922.997420000003,35164.75,0.0,35185.5505,4837.7029999999995,306339.5688286429,18943,26,58,0
South Carolina,5385653.0,4.0,428,317,111,2020,397648.7928842552,4795509.4719271725,2760667.6489999997,9252.88493,259929.06900000002,0.0,90175.9289,25090.588000000003,1650393.352097172,141027,115,199,3
South Dakota,1300155.0,1.0,43,37,6,2020,65013.731361782804,842832.5750632259,314178.45100000006,9584.34542,27602.066,0.0,12578.95742,4126.476,474762.2792232261,29835,32,5,0
Tennessee,2921201.0,10.0,570,424,146,2020,456196.0888536678,5372976.795013655,2829471.5069999993,17277.04634,264988.523,0.0,76508.02996,24485.624000000007,2160246.0647136527,154526,160,259,5
Texas,19672365.0,11.0,1948,1117,831,2020,1573737.4354460728,19999731.80040681,11053648.524999997,36528.897150000004,1424372.7959999992,288554.0445,247928.77456000002,93181.84500000002,6855516.91819682,519610,637,374,106
Utah,1060450.0,3.0,114,98,16,2020,134230.4239249766,1464538.8548169783,654075.622,1254.72982,88514.76099999998,0.0,82623.30578,8746.819,629323.6172169781,37254,54,44,0
Vermont,952071.0,2.0,71,67,4,2020,42187.3765110702,385650.04698555206,165334.37799999997,37.93976,18675.807,0.0,4327.393730000001,3685.636,193588.89249555196,14014,26,41,0
Virginia,4216873.0,16.0,395,323,72,2020,721894.0910172279,7298839.467381574,4179581.5360000003,26188.45088,771314.168,0.0,74980.75890999999,43119.261000000006,2203655.292591572,169498,252,45,26
Washington,12250044.0,6.0,1607,866,741,2020,554533.1431730244,5296544.029992052,2814305.577,11095.92167,435654.11300000007,0.0,98956.62642999997,27520.263000000006,1909011.5288920521,139215,558,269,39
West Virginia,2416717.0,4.0,104,88,16,2020,138738.9663405275,2473779.321210636,867316.1820000003,19786.08399,43533.98599999999,0.0,590753.8156500001,6325.106000000001,946064.1475706361,55009,62,26,0
Wisconsin,3270922.0,4.0,337,320,17,2020,352071.99284944887,3447136.884902477,1447600.2380000001,6859.9524200000005,117728.63100000001,0.0,80737.10310000001,25545.56599999999,1768665.394382476,121267,102,217,1
Wyoming,1366620.0,1.0,51,45,6,2020,47660.3658978255,591177.4462066424,220856.794,1319.2019599999999,17964.460000000003,0.0,1790.40463,2190.268,347056.3176166426,18873,24,21,0
Alaska,1332881.0,2.0,36,36,0,2021,67388.16106076923,777282.5011748025,330435.532,3735.38364,53620.03100000001,0.0,23751.33971,1686.0120000000002,364054.20282480237,22290,21,15,0
Arizona,9056358.0,3.0,637,637,0,2021,493452.6845019862,5359925.522766121,2684559.684,35195.970140000005,276518.951,0.0,50156.07021,26817.799,2286677.04841612,171362,302,281,54
Arkansas,2056193.0,5.0,102,85,17,2021,195685.26641725504,2732007.5251694443,1396310.787,2170.0859300000006,74311.04200000002,0.0,16519.750219999998,11517.498000000003,1231178.3620194441,84471,50,35,0
California,69434960.0,44.0,3351,3212,139,2021,1615956.9666745563,19338544.239830226,9448656.72,271557.11879,1588602.9780000004,0.0,92611.79391000001,108022.45700000001,7829093.172130227,470788,1724,1325,163
Colorado,4204992.0,4.0,642,603,39,2021,387617.8613093062,4214341.440069613,2294328.6840000004,14666.30717,384279.021,0.0,30973.66956,24697.410999999996,1465396.3473396127,114878,402,186,15
Connecticut,3437929.0,2.0,125,114,11,2021,157949.7251461708,1521254.0940875348,578127.298,5425.89913,93684.688,0.0,10547.46752,18022.911999999997,815445.8294375347,48768,30,75,9
Delaware,937160.0,1.0,74,74,0,2021,68849.966454407,618384.2465901872,331094.484,7614.6382,29091.541000000005,0.0,749.8941,4757.672,245076.0172901872,19273,41,33,0
District of Columbia,1265661.25,1.0,187,161,26,2021,28285.9723043,3358464.6099150665,121978.64,518395.0007199999,28172.276,0.0,2383035.3054299993,1885.811,304997.57676506764,7794,73,85,3
Florida,27503179.0,27.0,2011,1583,428,2021,1492176.3685823437,17339261.63822029,9097791.214999998,101972.64673,907006.2771299997,0.0,62440.32501000001,96039.27899999998,7074011.895350296,560705,704,739,140
Georgia,6270905.0,9.0,297,296,1,2021,689273.7543180885,8375307.869948625,5137529.937999999,5683.17246,493320.8210000001,0.0,33757.82636,40150.886999999995,2664865.2251286227,231820,172,124,0
Guam,663933.0,1.0,12,12,0,2021,11516.092236043301,133401.85319404153,83300.648,0.0,10433.65,0.0,0,503.809,39163.746194041545,3339,11,1,0
Hawaii,3296636.0,2.0,153,153,0,2021,112756.384480469,1193586.80183856,622003.4219999999,1296.2394500000003,140403.63,0.0,5156.38405,12197.283,412529.8433385601,30844,86,39,28
Idaho,329508.0,2.0,128,96,32,2021,122536.3759595729,1385858.6658154395,706314.2079999998,9082.627900000001,55789.063,0.0,7315.87958,7561.495999999998,599795.3913354399,49229,52,44,0
Illinois,7815006.0,19.0,402,360,42,2021,591268.7200267593,5524147.195454932,2433778.4040000006,24018.10265,235744.24900000007,0.0,21040.94628,46348.130999999994,2763217.362524933,172127,174,165,21
Indiana,4827011.0,2.0,495,462,33,2021,402387.2366180898,3629977.343254038,1689526.7820000001,15599.175640000001,122573.202,0.0,37561.176490000005,21673.346000000005,1743043.6611240385,127868,232,207,23
Iowa,2423488.0,3.0,120,112,8,2021,194954.41211837824,1784817.2742605307,795280.8130000001,26.419040000000003,58131.81,0.0,11128.606569999998,12440.603,907809.022650531,69334,63,24,25
Kentucky,1949158.0,3.0,266,254,12,2021,284802.5022019809,3136104.111448116,1566618.9950000006,15332.35094,113372.09099999999,0.0,30547.06473,13364.146000000002,1396869.4637781167,102121,87,167,0
Louisiana,4160481.0,7.0,266,262,4,2021,282998.82680575474,3252676.626850261,1662874.778,2937.70643,117436.36900000002,0.0,16148.554780000002,14784.720000000001,1438494.4986402607,91792,99,138,25
Maine,2227523.0,1.0,91,91,0,2021,106833.55806664962,1326071.982387805,680079.36,4041.07375,39571.743,0.0,12542.95608,6554.554000000001,583282.2955578051,41443,52,39,0
Maryland,5623432.0,12.0,281,261,20,2021,377771.71001185966,3813842.220965999,2061732.1479999998,2076.04775,295847.73400000005,0.0,11258.347440000001,24293.634000000002,1418634.3097759993,91087,148,105,8
Massachusetts,5611315.0,12.0,534,505,29,2021,305706.7038010924,3247949.806589825,1399960.3900000001,36888.762319999994,185517.343,0.0,14841.849400000001,28778.041,1581963.4208698254,90000,212,244,49
Michigan,7929433.0,20.0,498,495,3,2021,554280.6949068328,4913175.316274486,2571841.588,9177.41496,176350.82,0.0,20206.77725,34189.646,2101409.070064486,160203,276,192,27
Minnesota,2839815.0,10.0,327,318,9,2021,304276.3045351503,3340230.098462754,1443854.5929999996,20118.18529,103291.31000000001,0.0,57987.78929999999,26529.642000000003,1688448.5788727538,122918,209,109,0
Mississippi,2154070.0,3.0,31,17,14,2021,182774.49236722788,2260382.7886366663,1187540.9160000002,-3265.0673400000014,76707.888,0.0,15342.017139999998,8197.178,975859.8568366658,68149,5,12,0
Missouri,3805847.0,8.0,352,298,54,2021,413741.52062652,4580035.620467724,2175595.848999999,66204.22847,150981.54899999997,0.0,70299.91016,24532.949999999993,2092421.133837726,147281,127,159,12
Montana,793652.8,1.0,110,110,.,2021,88351.89585799692,1060749.2976714983,488599.7340000001,7869.80193,34833.046,0.0,7665.24688,5412.572000000001,516368.8968614981,38113,39,71,0
Nebraska,1368686.0,3.0,129,122,7,2021,124299.67430986019,1479709.9252588344,724612.3700000001,13623.348140000002,52729.715,0.0,17012.01346,9663.507000000001,662068.9716588345,51505,79,23,20
Nevada,6502194.0,3.0,749,475,274,2021,218051.67929806525,2808728.831921766,1452358.0270000005,6682.319049999999,123151.838,0.0,10904.86004,11182.383,1204449.4048317657,83096,137,338,0
New Hampshire,1077227.0,3.0,119,100,19,2021,97271.4433987579,977811.6954974048,437669.134,5914.1085299999995,46630.727,0.0,5672.18792,7641.842000000001,474283.69604740496,32225,41,59,0
New Jersey,5690486.0,16.0,438,419,19,2021,328958.26711587486,2634877.38857757,1410428.935,8393.91468,182595.11200000005,0.0,10142.80835,30414.80699999999,992901.811547571,74747,179,239,1
New Mexico,2499740.0,2.0,169,101,68,2021,148377.32932553848,1877153.172176491,1008975.6830000001,10695.37369,59263.42600000001,0.0,9232.40311,7402.718999999998,781583.5673764903,53787,77,24,0
New York,20641001.0,24.0,1108,1097,11,2021,714106.8468535799,6967103.236056304,2950960.7849999997,107864.21264000001,396921.61799999984,0.0,64833.02057,61555.639,3384967.960846305,212369,705,333,59
North Carolina,8000668.0,12.0,706,646,60,2021,688259.113138794,9538329.900675528,5602822.531,16573.923020000002,477054.97299999977,0.0,56243.00919,45187.931,3340447.5334655284,257939,357,284,5
North Dakota,967094.0,1.0,34,29,5,2021,52605.41891982529,543456.9186347657,246422.0190000001,1327.70359,22788.875999999997,0.0,4127.11076,2439.0180000000005,266352.1912847658,20439,12,2,15
Ohio,9054177.0,9.0,505,502,3,2021,725990.9331624353,11090090.995954953,3069999.72,30203.72866,240872.41400000002,0.0,4344544.678860001,42335.264000000025,3362135.1904349504,240451,248,216,38
Oklahoma,4994927.0,8.0,199,178,21,2021,290265.7428394611,4102671.6692116405,2494142.084,3353.8669500000005,146167.329,0.0,51635.408090000004,14301.772000000003,1393071.2091716414,104675,112,66,0
Oregon,8522046.0,8.0,1000,706,294,2021,290034.9194915584,3461196.0918869674,1680652.6989999998,33365.89372,133106.967,0.0,20193.73881,16602.551999999996,1577274.2413569672,103417,422,276,8
Pennsylvania,10187028.0,16.0,782,724,58,2021,770807.5696078854,6646599.8891396625,3102184.1449999996,29790.556020000004,272298.76729,0.0,84880.18991999999,53587.886999999995,3103858.3439096636,231544,291,382,51
Puerto Rico,317039.0,2.0,5,5,0,2021,66256.38751786,1816484.2149540402,963757.3420000003,22506.808210000003,46445.45700000002,0.0,15099.13482,2226.810000000001,766448.6629240401,51421,2,3,0
Rhode Island,1178835.0,1.0,97,91,6,2021,60507.5228017006,652628.9656493233,273399.618,28395.28362,30336.511000000002,0.0,11019.99907,5169.231,304308.32295932324,19670,40,51,0
South Carolina,4400735.0,4.0,309,292,17,2021,393791.7161874301,5018320.670788946,2931543.0850000004,7781.02999,243039.56599999996,0.0,48624.93047,22771.257,1764560.8023289458,147362,131,161,0
South Dakota,1325834.0,1.0,31,31,0,2021,63950.0348287829,867916.6103007708,335235.25700000004,11871.315279999999,24233.42199999999,0.0,7192.00359,3898.8360000000002,485485.7764307709,30927,24,7,0
Tennessee,2978978.0,10.0,557,492,65,2021,449262.76970605773,5620546.601197601,3062957.143,11126.177350000002,240271.3709999999,0.0,42281.335750000006,24828.380999999998,2239082.1930975984,159886,241,247,4
Texas,20264849.0,11.0,1279,950,329,2021,1562560.1030986835,21731462.710300434,12230721.199000003,48377.350869999995,1322127.0152499995,873990.7080300001,94339.95342,86890.04299999998,7075016.440730434,545205,606,305,39
Utah,1081394.0,3.0,129,129,.,2021,132119.5787431495,1444800.7192713544,713445.1739999999,565.79086,90541.88799999999,0.0,25663.12125,7296.4349999999995,607288.3101613546,39216,55,74,0
Vermont,952071.0,2.0,103,103,0,2021,41221.39079275611,405570.2804043734,172618.852,0.0,16418.804000000004,0.0,2863.05777,2955.63,210713.93663437347,14626,78,25,0
Virginia,4300160.0,16.0,348,325,23,2021,713344.3388898325,7771009.250864851,4629666.492000001,52448.010890000005,732814.8140000001,0.0,32462.120229999997,41238.274,2282379.539744855,181473,261,26,38
Washington,9083209.0,6.0,832,832,0,2021,546891.8574525536,5323281.703004487,2972762.8669999996,22106.85494,382330.83900000004,0.0,33290.42334,26344.786000000004,1886445.9327244859,146323,549,249,34
West Virginia,2464449.0,4.0,95,75,20,2021,136124.07719776142,2606420.4870066675,898874.282,20313.1794,38426.30199999999,0.0,641067.11091,7093.797999999998,1000645.814696668,55346,48,26,1
Wisconsin,3335525.0,4.0,297,287,10,2021,342823.28685216827,3538859.071337592,1515682.0390000008,2895.0272299999997,114670.51400000004,0.0,48794.95614,24705.548000000006,1832110.9869675902,122859,92,195,0
Wyoming,1366620.0,1.0,19,19,0,2021,46844.40294399789,596070.1626611166,238318.654,532.83496,17807.340999999997,0.0,1801.53448,2202.809,335406.98922111647,19572,0,19,0
Alaska,1399525.0,2.0,134,108,26,2022,69837.60032347149,967004.8890584479,473760.11400000006,651.17335,43830.041000000005,0.0,26604.81713,1588.604,420570.13957844814,22411,97,11,0
Arizona,9509176.0,3.0,857,529,328,2022,498545.81316870154,6266920.583279999,3246146.1560000004,8312.63356,245975.06799999997,0.0,81030.51499,18188.247,2667267.9637299995,168652,156,313,60
Arkansas,2159003.0,5.0,92,57,35,2022,204197.32920040912,3259195.7372910012,1662002.2859999998,12168.118150000002,69982.26,0.0,25139.787879999996,6134.814999999999,1483768.4702609999,82767,28,29,0
California,78868070.0,44.0,10395,3003,7392,2022,1534710.467126647,22581253.5400288,11105352.457000002,369997.08654000005,1475731.2299999997,0.0,212298.90428999998,81408.14100000003,9336465.721198803,457283,1394,1373,236
Colorado,4415242.0,4.0,738,525,213,2022,374233.1376312685,4824082.702597998,2738169.6480000005,518.7725899999995,352538.31700000016,0.0,60847.59102,15502.343000000004,1656506.0309879999,113890,316,195,14
Connecticut,3609826.0,2.0,149,140,9,2022,158714.2061454386,1737328.51701,686352.341,6847.45546,81355.86600000001,0.0,13634.695619999997,12851.689999999999,936286.46893,47118,48,79,13
Delaware,897316.875,1.0,93,89,4,2022,68675.025158601,735793.90996,403484.334,2948.83115,22061.104,0.0,148.04169,3383.174,303768.42512,19162,54,35,0
District of Columbia,750000.0,1.0,208,172,36,2022,28002.971383260003,6111009.199959999,143512.165,375244.03403000004,30299.199,0.0,5194398.379129999,1476.308,366079.1148,7566,100,65,7
Florida,28878338.0,27.0,2279,1486,793,2022,1450597.142682016,20732298.345043033,11282128.961,95476.32847,850498.1629999998,0.0,146344.91403999997,67541.485,8290308.493533037,552430,645,752,89
Georgia,6584450.0,9.0,664,299,365,2022,678304.0347769955,10027085.876746902,6295547.087000003,24931.00372,469088.0860000002,0.0,79949.24197,24861.42600000001,3132709.0320568983,233027,138,161,0
Guam,697130.0,1.0,31,10,21,2022,12800.275702419,157945.09801999998,103454.718,0.0,10024.496,0.0,0,158.082,44307.80202,3498,10,0,0
Hawaii,4211468.0,2.0,306,147,159,2022,107209.8336221973,1400365.058583747,749605.807,7023.08709,131317.18,0.0,17610.889850000003,7427.049,487381.0456437471,30531,73,39,35
Idaho,345983.0,2.0,149,113,36,2022,126467.18553983147,1626423.2541254004,855427.397,4636.62823,53012.68000000003,0.0,11403.58732,3852.1610000000005,698090.8005753999,48704,62,51,0
Illinois,8705758.0,19.0,524,395,129,2022,569448.2509059948,6376914.785207802,2931142.255,23508.039380000006,215244.07400000005,0.0,42539.13238999999,34997.432,3129483.8524377993,165899,183,185,27
Indiana,5068362.0,2.0,482,443,39,2022,388082.5037554722,4230140.919737,2036383.5749999995,28241.48947,113272.16200000001,0.0,64434.19208000001,14124.041000000001,1973685.4601869998,126051,234,191,18
Iowa,2544663.0,3.0,141,123,18,2022,182639.51810943487,2066115.6558281167,964041.991,88.5236,54084.96800000002,0.0,15584.630280000001,9771.372000000003,1022544.1709481161,67682,71,29,23
Kentucky,2046616.0,3.0,328,285,43,2022,272088.0469604983,3684434.800958298,1853443.5329999996,52277.79125999999,102239.417,0.0,51236.35924999999,9522.521000000004,1615715.1794482998,99517,112,173,0
Louisiana,6810516.0,7.0,322,270,52,2022,267173.7364355774,3810097.0361806005,1987402.6319999998,2480.45956,112920.52000000002,0.0,25476.71199,9948.063999999995,1671868.6486305997,89174,124,120,26
Maine,2338899.0,1.0,243,237,6,2022,107749.65566160061,1569248.4487599998,797809.3539999998,5744.80349,34970.386000000006,0.0,20897.57059,4916.041,704910.2936800001,41210,189,47,1
Maryland,5904603.0,11.0,303,263,40,2022,355787.0639377798,4467911.116973,2509625.819,11861.974090000002,277111.321,0.0,18526.74479,18168.554,1632616.7040930002,89750,112,141,10
Massachusetts,5891881.0,12.0,534,507,27,2022,285971.36622296495,3721430.7308968003,1617858.7600000002,26589.794130000002,159671.70900000003,0.0,21500.698750000003,21228.660000000003,1874581.1090167998,84478,163,293,51
Michigan,8980126.0,20.0,498,463,35,2022,530586.0657461539,5802859.382224,3046216.739000001,10225.09633,160150.03499999995,0.0,42793.36296000001,25236.120000000003,2518238.0289339996,157648,264,168,31
Minnesota,2981806.0,10.0,290,257,33,2022,294232.4587039239,3878250.6978712017,1705140.1389999995,21510.82096,94182.54600000002,0.0,94125.10841,18276.053999999986,1945016.0295012002,119335,162,95,0
Mississippi,2261774.0,3.0,139,35,104,2022,181855.2596134856,2718673.6942010005,1437256.9379999994,11220.00921,73992.69900000001,0.0,24579.482849999997,5783.236000000001,1165841.3291409996,66893,16,19,0
Missouri,3996139.0,8.0,476,389,87,2022,399154.0984458533,5469740.923232001,2614087.854,63487.594,140001.862,0.0,116541.89998000002,15971.922000000002,2519649.7912520003,143961,183,190,16
Montana,793652.8,1.0,172,142,30,2022,86399.2151515534,1256138.3333902005,598424.0970000001,44.394660000000144,34617.97,0.0,11952.54898,3739.517999999999,607359.8047502,37708,121,21,0
Nebraska,1437120.0,3.0,145,140,5,2022,119645.3378760119,1797123.9967523697,856674.0830000001,8057.3818599999995,47540.132,0.0,41182.08525,6884.195,836786.1196423703,49221,108,32,0
Nevada,6827304.0,3.0,752,545,207,2022,216625.89139331432,3349472.6833025,1764185.696,1895.6198399999998,126587.63800000002,0.0,16801.071160000003,6449.978999999999,1433552.6793025,81648,221,324,0
New Hampshire,1131088.0,3.0,127,115,12,2022,96358.36787816921,1114683.6288400001,520526.654,698.14912,40226.827,0.0,7408.64655,6137.911000000001,539685.44117,31681,51,63,1
New Jersey,5975011.0,16.0,479,433,46,2022,310801.7124942287,3069627.93215,1672534.3460000004,1068.64946,166257.15599999996,0.0,14688.66701,27414.873999999996,1187664.2396800003,73862,233,200,0
New Mexico,2624727.0,2.0,91,71,20,2022,144133.69366626444,2199677.2460853993,1180440.383,8126.88167,56027.397999999994,0.0,19254.69469,5897.543,929930.3457253999,53363,52,19,0
New York,23351512.0,24.0,990,965,25,2022,688611.266236216,8037612.277735003,3453580.2619999987,126555.16224,349429.00399999996,0.0,111708.39451000001,48415.952,3947923.502984999,203533,573,338,54
North Carolina,8400701.0,12.0,687,549,138,2022,687363.9397976968,11187657.6531853,6749659.840999997,19161.05035,443522.6880000001,0.0,91086.14214000001,30260.621999999992,3853967.3096952997,258645,274,264,11
North Dakota,1015449.0,1.0,37,36,1,2022,50833.7082939918,635011.8170172,296914.01700000005,891.56281,20849.231000000003,0.0,5941.1878,1780.809,308635.00940720004,20082,19,1,16
Ohio,9506887.0,9.0,633,543,90,2022,695454.4704635304,12041353.200739,3689790.2780000004,32091.2778,221542.24300000007,0.0,4228465.09772,30324.22199999999,3839140.082219001,236398,251,252,40
Oklahoma,5244674.0,8.0,273,148,125,2022,281728.25454352057,4931346.407367299,2956395.785000001,43730.56269,135929.90699999995,0.0,139950.62370000003,10957.650000000003,1644381.8789772997,104891,102,44,2
Oregon,8948148.0,8.0,1460,741,719,2022,271871.25262082176,3910882.747137,1929005.788,26044.50101,119250.849,0.0,34834.43343,12124.964000000002,1789622.211697,98257,384,334,23
Pennsylvania,10696379.0,16.0,778,746,32,2022,719233.2924203485,7782109.558089,3659098.2170000016,25844.308620000003,247156.176,0.0,141677.37921999997,39918.094999999994,3668415.3822490005,224086,359,334,53
Puerto Rico,332891.0,2.0,70,13,57,2022,73146.2890477,2160007.3288264647,1131842.2689999999,21496.532550000004,45888.422,0.0,29115.272280000005,1327.6229999999998,930337.2099964652,50417,1,12,0
Rhode Island,1178835.0,1.0,113,104,9,2022,58026.3085741314,739266.1130100001,319946.11799999996,10400.774609999999,30723.727,0.0,20993.304740000007,3171.526,354030.66266,18315,33,71,0
South Carolina,4297665.0,4.0,359,282,77,2022,388404.35646679427,5995323.445345,3570675.8929999997,7514.97733,228938.20300000004,0.0,84913.49313999999,15782.628999999995,2087498.2498750002,147309,133,149,0
South Dakota,1392126.0,1.0,40,38,2,2022,63321.9906418396,1037296.8728685,410905.34,8660.19391,22800.631,0.0,10337.18456,2694.8429999999985,581898.6803985,30335,30,8,0
Tennessee,3127927.0,10.0,549,364,185,2022,444481.51352781034,6678287.699129997,3698620.6040000003,28485.760109999996,225193.21700000003,0.0,69873.82116999998,15039.350999999995,2641074.9458500007,160490,159,204,1
Texas,21278090.0,11.0,1711,1078,633,2022,1543167.5838824634,27393443.636711046,15054720.345000006,92146.86610000001,1254452.216999999,2137948.13936,213018.97390999997,54707.877000000015,8586449.218341054,550976,641,364,73
Utah,1135464.0,3.0,155,116,39,2022,128922.07818636979,1733319.7338183,866975.605,2160.1164200000003,90735.70000000001,0.0,71762.20313000004,6176.634000000001,695509.4752683002,39084,58,58,0
Vermont,952071.0,2.0,100,96,4,2022,39731.4731152202,469723.803219,203556.56600000002,0.0,14050.862,0.0,3458.1453899999997,2195.6020000000003,246462.627829,13882,63,33,0
Virginia,4515169.0,16.0,392,345,47,2022,691325.4629055558,9116151.6959581,5658845.201000003,50857.56374000001,678526.1370000002,0.0,62357.26240999998,25752.082,2639813.4498081,181061,289,29,27
Washington,11037369.0,6.0,1569,705,864,2022,533345.5304762771,6218866.293714001,3491308.397,13870.0756,348485.31899999996,0.0,107764.52567,19670.788000000004,2237767.1884439993,140102,444,246,15
West Virginia,2587672.0,4.0,122,105,17,2022,128326.19361155498,3194580.576856001,1057991.098,16400.93663,36753.029000000024,0.0,904181.9268799998,4482.557000000001,1174771.0293459997,54255,70,35,0
Wisconsin,3502301.0,4.0,341,336,5,2022,331650.16758157045,4119082.4498616015,1820344.4160000004,8300.488400000002,103083.24400000002,0.0,70880.08959000002,18779.808,2097694.4038716,121102,123,212,1
Wyoming,1366620.0,1.0,68,62,6,2022,45434.99009439229,735598.907863,297128.69800000003,5880.2787,17698.304000000004,0.0,350.46687000000003,1840.6669999999997,412700.49329300004,19428,42,20,0
Alaska,1427515.0,2.0,119,102,17,2023,68985.45953504999,1004792.5685464811,520133.18000000005,1395.81427,53547.272,0.0,8396.590709999997,1188.5449999999998,420131.166566481,23059,85,17,0
Arizona,8394519.0,3.0,932,646,286,2023,495038.3206622349,6746105.881770178,3500626.917,890.27657,306093.995,0.0,97119.49821000002,13668.618999999999,2827706.575990178,168875,259,337,50
Arkansas,2202183.0,5.0,205,121,84,2023,201272.3881116144,3444375.1168145402,1775582.3669999996,4034.38221,82777.951,0.0,26412.59677999999,5089.171,1550478.64882454,82755,83,38,0
California,81884386.0,44.0,10589,3153,7436,2023,1487167.0912032975,25241853.49425138,11821311.681,1336922.0231399997,1623224.7349999999,0.0,770926.56706,60331.789000000004,9629136.699051384,453584,1308,1397,448
Colorado,4503547.0,4.0,1022,644,378,2023,369318.07463980623,6164495.884780006,2959105.514,2596.6850999999997,392639.869,0.0,1064140.64545,10943.070999999996,1735070.1002300065,115322,437,182,25
Connecticut,3682023.0,2.0,165,148,17,2023,153086.7601921411,1809002.1218625756,731210.6089999998,4657.27237,99157.47200000001,0.0,20574.470579999994,10739.07,942663.2279125757,45931,32,100,16
Delaware,897316.875,1.0,79,69,10,2023,67723.054177175,803142.9092465683,443108.275,465.84863,30586.343999999997,0.0,166.00205,2318.4179999999997,326498.02156656835,19341,36,33,0
District of Columbia,1265661.25,1.0,218,167,51,2023,27255.21487485,10256317.729520783,156251.231,752634.4278400003,32163.758,0.0,8691190.71977001,795.246,623282.3469107724,7375,100,59,8
Florida,33868567.0,27.0,2558,1432,1126,2023,1432720.5739882838,22611404.91190952,12504921.335999997,8953.654199999999,1028365.7079999999,0.0,200250.48005,47183.22899999999,8821730.504659519,554965,617,724,91
Georgia,6716139.0,9.0,701,297,404,2023,673357.6204108675,10933329.568610013,6880597.114000003,10732.793889999999,532650.93,0.0,109313.29152000004,16936.733000000004,3383098.7062000125,239384,130,167,0
Guam,711073.0,1.0,24,7,17,2023,12543.409473377398,185471.04199081848,117266.625,0.0,10870.385,0.0,0,206.716,57127.31599081849,3675,7,0,0
Hawaii,3530697.0,2.0,317,171,146,2023,104764.6093816873,1511542.3965622364,811545.226,452.54995,141958.329,0.0,23298.479970000004,6457.315,527830.4966422365,31207,98,31,42
Idaho,352903.0,2.0,182,124,58,2023,126089.27423604591,1731502.261414218,926501.074,0.0,63396.550000000025,0.0,15639.936760000002,3485.813,722478.8876542179,49114,64,60,0
Illinois,6330012.0,19.0,523,382,141,2023,552775.0296444354,7959085.2526751645,3167395.301000001,2059492.08241,258754.58099999992,50.02193,-791884.28526,25229.965,3240047.5865951646,162984,159,200,23
Indiana,5010791.0,2.0,488,400,88,2023,380160.63885616313,4516491.658471647,2185707.2399999998,1379.09017,133119.50900000002,0.0,71528.66614,9874.450999999997,2114882.702161647,125570,174,201,25
Iowa,2595556.0,3.0,128,98,30,2023,177921.8882834388,2261805.6000319584,1035387.9770000001,154.91904,64059.51600000001,0.0,22243.2642,8818.741999999997,1131141.1817919589,66881,49,28,21
Kentucky,1237115.0,3.0,417,337,80,2023,267610.5869758286,3920024.0213702675,1983789.618999999,1288.4398200000003,120651.41399999998,0.0,59493.792980000006,7093.0470000000005,1747707.7085702685,98758,144,193,0
Louisiana,4455876.0,7.0,249,204,45,2023,261789.68648938087,4064969.792941877,2158350.343000001,1493.65162,129259.01599999999,0.0,31084.395260000005,7575.972000000001,1737206.415061877,88625,88,97,19
Maine,2385677.0,1.0,123,100,23,2023,105658.38784085191,1620945.751963533,839606.8130000001,514.10537,43345.35999999999,0.0,30249.74454,3787.95,703441.7790535333,41214,48,52,0
Maryland,3727321.0,10.0,291,264,27,2023,348458.96711326507,4834571.404660943,2762398.9470000006,1969.07509,311745.36699999997,0.0,46105.18944,13025.206,1699327.6201309427,91923,121,132,11
Massachusetts,6009719.0,12.0,545,512,33,2023,276061.6484343877,3760755.465783269,1686079.8900000001,1175.9402999999998,191117.952,0.0,27421.34177000001,16036.909000000001,1838923.4327132697,83311,194,274,44
Michigan,9052339.0,20.0,484,440,44,2023,516758.0462206072,6315431.122810037,3239203.311000001,1268.78221,195478.785,0.0,141549.62143000003,20320.319000000003,2717610.304170037,158647,241,162,37
Minnesota,3041442.0,10.0,336,281,55,2023,285734.0142897734,4050646.814474317,1789821.3540000007,713.69665,111893.81200000002,0.0,111382.19462000004,14559.239,2022276.518204316,116209,187,94,0
Mississippi,2307010.0,3.0,61,31,30,2023,179583.67126767297,2940538.815502552,1554275.0410000004,626.71888,86824.02099999998,0.0,29100.183839999998,4305.851,1265406.9997825527,67160,16,15,0
Missouri,4076062.0,8.0,569,426,143,2023,392041.27669782675,5654307.727571183,2785352.924000001,1767.1851100000001,160409.28699999998,0.0,130371.44708999997,13282.871000000003,2563124.0133711817,143810,196,211,19
Montana,1000000.0,1.0,207,144,63,2023,85246.72986299152,1365520.3997753805,651451.1699999999,0.0,40206.20199999999,0.0,15995.399950000003,2949.9979999999996,654917.6298253803,38231,108,36,0
Nebraska,1465862.0,3.0,132,121,11,2023,116960.83146517265,1816205.8457722955,918938.1040000005,3328.5187000000005,58576.869999999995,0.0,50483.24607,4356.937999999998,780522.1690022956,48563,89,32,0
Nevada,6963849.0,3.0,1094,539,555,2023,215626.96902086868,3674162.1352348546,1920074.088,260.9609,141401.696,0.0,24398.68636,5226.1810000000005,1582800.5229748543,81926,206,333,0
New Hampshire,1153710.0,3.0,100,90,10,2023,94259.9054615457,1200657.4631825732,550383.242,2.8388400000000003,46799.995,0.0,10161.501709999999,3060.5719999999997,590249.3136325732,31124,24,66,0
New Jersey,6094511.0,16.0,454,391,63,2023,299271.18830023444,3177079.048391019,1779762.259,69.23599,200792.344,0.0,-40072.68003999997,20704.831000000002,1215823.0584410187,73923,160,204,27
New Mexico,2653685.0,2.0,256,115,141,2023,141745.64362483492,2276544.0981706213,1242418.517,60.19431,64391.34800000002,0.0,20309.30693,4792.029,944572.7029306212,53072,86,29,0
New York,22288542.0,24.0,1098,1065,33,2023,663437.0000448459,8154033.617823574,3624645.2950000013,2721.2660399999995,403398.48599999986,0.0,136896.6727,34620.78999999999,3951751.108083577,197534,643,367,55
North Carolina,9484615.0,12.0,777,626,151,2023,680709.4567120872,12149385.223980742,7363225.219,2664.5434400000004,522912.4710000001,0.0,118529.84138,20725.036,4121328.1131607373,263407,293,319,14
North Dakota,1035758.0,1.0,27,19,8,2023,49787.96234595119,672292.7491495591,318950.6060000001,2339.57059,24478.422000000002,0.0,8067.868740000001,1838.3139999999996,316617.96781955916,20028,19,0,0
Ohio,9697025.0,9.0,623,536,87,2023,681105.7819911932,8514978.751453836,3953212.945,4860.11608,256809.91100000008,0.0,90567.54728999999,23484.441999999995,4186043.790083837,234970,223,270,43
Oklahoma,5349567.0,8.0,288,171,117,2023,277756.9355239061,5282778.544347295,3130855.219000001,2062.89922,160034.62899999996,0.0,161470.17525000012,7291.344000000002,1821064.2778772947,107583,118,51,2
Oregon,9127111.0,8.0,1575,686,889,2023,266690.28131903615,3996983.0750728273,1988849.9190000002,6.93172,128851.94400000002,0.0,40815.66418,7801.520999999998,1830657.0951728274,96430,388,278,20
Pennsylvania,8920161.0,16.0,826,723,103,2023,697654.8875931732,8172103.352993195,3899339.0050000004,7012.782810000001,287632.945,0.0,131260.52999000004,29862.269,3816995.8211931945,221184,316,349,58
Puerto Rico,339549.0,2.0,58,10,48,2023,69667.07991199978,2242711.380604103,1197690.7960000003,-2476.40349,53094.94099999999,0.0,59366.068849999996,1078.458,933957.520244104,50477,4,5,1
Rhode Island,1178835.0,1.0,100,94,6,2023,56212.1290445209,766491.9752777815,334729.76800000004,129.35936999999998,36122.703,0.0,46268.60265,1970.768,347270.77425778145,17883,29,65,0
South Carolina,4713186.0,4.0,393,314,79,2023,386240.28123545233,6423338.127809782,3897092.8909999994,2377.8675200000002,266214.154,0.0,100072.36997999997,12077.805,2145503.0403097826,149949,106,208,0
South Dakota,1419969.0,1.0,58,40,18,2023,62432.8125047526,1103459.2932223585,453314.327,1704.9837,26377.909,0.0,14627.004829999996,2496.303,604938.7656923586,30054,39,1,0
Tennessee,3126106.0,10.0,759,481,278,2023,440790.63114392996,7155947.2032423075,4012869.2280000015,2796.96259,264115.224,0.0,88236.54529999995,12097.296,2775831.947352308,162791,225,254,2
Texas,22203653.0,11.0,2036,1207,829,2023,1534356.0880908873,27662824.61229454,16674964.717000004,6604.41607,1458306.3630000004,25265.338809999997,220188.53911999988,44521.23600000001,9232974.002294548,567360,628,499,80
Utah,1158173.0,3.0,181,152,29,2023,127358.45060159481,1829307.054246951,935115.878,1316.35216,106681.90200000002,0.0,85771.01744999991,3724.554,696697.3506369512,39035,76,76,0
Vermont,952071.0,2.0,122,113,9,2023,38702.839987872896,486359.49365376175,210527.50199999998,0.0,16172.363999999998,0.0,3904.393989999999,1292.801,254462.43266376178,13723,47,66,0
Virginia,5355473.0,16.0,386,284,102,2023,684043.3786343397,9947670.802324863,6284609.133000002,4457.52563,785522.2139999999,0.0,96891.0392,20822.543,2755368.3474948592,186728,223,35,26
Washington,9728116.0,6.0,1684,780,904,2023,525342.7856762011,6526168.355174646,3696530.380999999,117.11223000000001,380538.072,0.0,132459.71093,15678.159000000001,2300844.920014646,142534,492,268,20
West Virginia,2639425.0,4.0,91,77,14,2023,125314.3106243553,2395555.3014039374,1106034.8569999996,1637.8819299999998,43256.26399999999,0.0,31082.337229999997,3249.776999999999,1210294.1842439368,53389,53,24,0
Wisconsin,3572347.0,4.0,335,324,11,2023,323723.70116771996,4338798.0614079535,1949947.6300000006,6084.70381,122480.52800000005,0.0,86871.89844000005,14136.011999999993,2159277.289157953,119759,114,210,0
Wyoming,1366620.0,1.0,90,83,7,2023,44791.91890275432,775770.4906449777,326998.2509999999,135.8063,20093.451999999997,0.0,303.32182,770.4330000000001,427469.2265249779,19388,55,28,0
